claim_id,order_id_antigo,order_id_novo
5470716600,46428282315,2000015059884076
5470691082,46434650193,2000015074230726
5470010440,46377096987,2000014946938746
5470570922,46433168431,2000015071124588
5470520423,46432767480,2000015069788040
5470270048,46424910668,2000015051357682
5470239458,46349231261,2000014886891670
5470210627,46426847381,2000015056587380
5470137855,46420593532,2000015041776044
5469986513,46423316857,2000015048392556
5469961645,46422614757,2000015046825202
5469126919,46394608881,2000014986592622
5467579442,46350847918,2000014889682084
5469481322,46414040874,2000015027636544
5469531484,46416928028,2000015033796828
5469510953,46416151467,2000015032694748
5469503307,46364912314,2000014919533680
5469075421,46390581452,2000014977079634
5468984078,46408880036,2000015016486454
5468973120,46408675524,2000015016007860
5468787853,46405325019,2000015009557834
5468654317,46403741954,2000015005536598
5468624424,46403064553,2000015004713048
5468614078,46403074538,2000015004162312
5468384085,46327955929,2000014839923714
5468355628,46397518851,2000014992784510
5467762591,46344621910,2000014868070556
5468105875,46394293873,2000014985916318
5468018808,46357526726,2000014903895702
5461749460,46262777308,2000014698717742
5463661364,46255057828,2000014682311494
5465629147,46230220231,2000014628109776
5462337195,46230292957,2000014628292700
5462024584,46254965109,2000014682704130
5463639533,46287824918,2000014752445942
5462112289,46262342694,2000014697842458
5463012310,46301487240,2000014783023766
5467255001,46380824053,2000014955705236
5467134689,46374135965,2000014940306786
5467129455,46378711951,2000014950824420
5467101913,46373226645,2000014938333802
5466809747,46208597487,2000014581430418
5466550487,46370456538,2000014931550834
5466510891,46368110826,2000014926618258
5466464009,46367613127,2000014926173320
5466126316,46360107169,2000014910127920
5465598052,46356360754,2000014901509458
5465593732,46355043935,2000014899293138
5465506079,46351624423,2000014891903914
5465454499,46352386757,2000014893595944
5465406066,46350088280,2000014888142722
5465290150,46351461492,2000014890968706
5455522107,46126699748,2000014394468998
5456550066,46136902372,2000014418690736
5456394426,46160930921,2000014473103648
5456551238,46151797836,2000014452060950
5456557831,46153653689,2000014456479834
5456551306,46150519837,2000014449853540
5456547049,46104725541,2000014345686880
5456556697,46180774119,2000014518077612
5456386213,46181991350,2000014520098882
5455355260,46163697956,2000014478752414
5456548124,46105329564,2000014346495838
5455351935,46174294958,2000014503447998
5456559578,46181310152,2000014518654738
5455518808,46171103255,2000014496599038
5456548599,46120674863,2000014381465762
5456559679,46185947406,2000014528694618
5456403846,46193102111,2000014545846936
5460695783,46245035845,2000014660305622
5456379419,46196924482,2000014553953622
5456559783,46218775637,2000014603452288
5456559841,46218397528,2000014602002556
5456379567,46186016204,2000014528837924
5456379484,46189927989,2000014538816690
5456380061,46194599149,2000014549252238
5456560098,46186036982,2000014528894930
5456380455,46186277031,2000014530073076
5456401031,46070320725,2000014266686428
5464782400,46342397164,2000014871779540
5464246372,46335439817,2000014856784738
5464219842,46335317814,2000014855915304
5463902770,46330780360,2000014845637086
5463860437,46327110105,2000014838126994
5463729229,46327891807,2000014839845014
5463548829,46325400860,2000014833989850
5463535840,46323396212,2000014829751032
5463468950,46314184081,2000014810644758
5463375574,46295527297,2000014770958034
5460763485,46220622121,2000014607650806
5459752915,46241043778,2000014650901712
5456155799,46135412113,2000014415769354
5456426819,46194830614,2000014549163016
5459867038,46198486348,2000014557432612
5459097566,46159469039,2000014470030620
5458418922,46206922261,2000014577842452
5456457224,46203256697,2000014569203968
5450914858,46094962019,2000014323508016
5460493690,46259520881,2000014692569488
5455735418,46090906331,2000014314363682
5455151869,46167823573,2000014488738384
5463011198,46318243494,2000014818930016
5462990953,46198237590,2000014556878310
5462932517,46316955236,2000014816152968
5462854488,46278992159,2000014733950980
5462827609,46314011766,2000014809789446
5462791574,46253719764,2000014679505102
5462707712,46313421459,2000014809100012
5462658947,46313139336,2000014807931656
5460684104,46230048106,2000014627182850
5462553127,46251002462,2000014673654044
5462547698,46158621882,2000014467533948
5462506549,46208175741,2000014580487626
5462448440,46298966100,2000014777715976
5462380882,46308857838,2000014798762866
5462126738,46237767611,2000014644342610
5462024110,46289167430,2000014755472062
5461978050,46202435122,2000014566694196
5461917289,46225603324,2000014617542392
5461855202,46298134057,2000014776505662
5461723868,46299331578,2000014778489410
5461630312,46208686694,2000014580853256
5461582607,46162706844,2000014476435512
5461533871,46236351970,2000014640747124
5461325347,46292738737,2000014764357314
5461285656,46288625775,2000014754849044
5461256205,46291265818,2000014760275520
5461238913,46153523671,2000014456213270
5461207477,46213504348,2000014591732152
5461093665,46289559706,2000014756335988
5461052424,46289001392,2000014755063486
5460998891,46197663810,2000014555585740
5460948358,46287123283,2000014751544308
5460938819,46284083196,2000014744195024
5460897624,46186884232,2000014530876952
5460859481,46234017380,2000014635722544
5460790154,46284373007,2000014745429870
5460656545,46283322257,2000014743174096
5460512321,46223555045,2000014613770388
5460506099,46279516554,2000014734541056
5460488766,46262594178,2000014698382232
5460469215,46235715511,2000014639992260
5456853555,46202398718,2000014566587520
5460304359,46278325687,2000014732472746
5460201555,46275196481,2000014725876804
5460111316,46235203237,2000014638979526
5459358100,46170692937,2000014495595520
5460061059,46274476760,2000014723791538
5460060047,46275032739,2000014725507712
5460051454,46274935397,2000014725332016
5459998142,46274176708,2000014723216110
5459927453,46271767847,2000014718519604
5459845717,46271689969,2000014718384632
5459679785,46269684550,2000014713507030
5459453472,46266477826,2000014706902254
5459446664,46144086586,2000014435473010
5459346913,46264594470,2000014702613646
5459336566,46238632233,2000014646117400
5459331661,46262368071,2000014698423748
5459252268,46218107671,2000014601927274
5459201035,46261963369,2000014697614976
5458929987,46258733348,2000014690345768
5458883511,46252508227,2000014677526504
5458814743,46256963524,2000014686362910
5458600436,46253950064,2000014680006084
5458508457,46251990586,2000014675958870
5458481106,46196568806,2000014553225318
5458464000,46246972697,2000014664845692
5458458256,46147369687,2000014443532626
5458438766,46240287690,2000014649202160
5458410176,46251111974,2000014673893006
5457706874,46204308924,2000014571134810
5458166728,46159938921,2000014471005312
5458156779,46203319404,2000014568771732
5458098319,46245723881,2000014661900792
5456792894,46176506308,2000014508123926
5457871774,46214946672,2000014594666342
5457538610,46238030371,2000014644871814
5457201946,46174277019,2000014503951486
5456987784,46230782253,2000014629345004
5456931354,46230272202,2000014627678486
5456814235,46227161350,2000014621012676
5456671115,46226118553,2000014619259556
5456557315,46179585041,2000014515684770
5456551407,46148709348,2000014445597298
5456521147,46218995715,2000014603938834
5456468754,46208726726,2000014581118294
5456398588,46198658965,2000014558406512
5456285563,46120920498,2000014381446618
5456280443,46217621778,2000014600321280
5456280339,46217632080,2000014600339382
5456280241,46217373325,2000014600368652
5456280101,46217395061,2000014600407650
5456280020,46217677144,2000014600444204
5456150041,46206794635,2000014577563922
5456013465,46066457449,2000014257973044
5455987314,46211536905,2000014587753622
5455936535,46214880207,2000014595057258
5455903372,46215537171,2000014596467362
5455847697,46209166197,2000014582636250
5455831929,46214872562,2000014594491802
5455827866,46070160183,2000014266322938
5455685628,46146408994,2000014440708162
5455649174,46196550618,2000014553177574
5455569729,46208309401,2000014580810102
5455567656,46122703283,2000014386299636
5455558015,46195125892,2000014549841924
5455510713,46209790690,2000014583376430
5455476400,46186361846,2000014529647142
5455102492,46115198294,2000014368807986
5455378540,46208676898,2000014580999982
5455356925,46207321802,2000014578099166
5455334974,46194617442,2000014548653066
5455325298,46207570800,2000014578634768
5455272978,46207281426,2000014578036276
5455178341,46183784392,2000014524040732
5455040167,46203648672,2000014569554300
5454945764,46199149776,2000014558899598
5454940842,46196938220,2000014553949396
5454902921,46199949000,2000014560798810
5454898502,46158902017,2000014468898826
5454851415,46200430569,2000014562555912
5454712132,46198469791,2000014557996392
5454610645,46197291408,2000014554775062
5454498949,46193083643,2000014545819908
5454349640,46193093662,2000014545268182
5454181639,46184862698,2000014526240204
5454154345,46190371837,2000014532331112
5454148959,46076875704,2000014280948770
5454097499,46160764231,2000014472806058
5454013303,46186024037,2000014529481444
5453917373,46172246165,2000014499325860
5453912449,46186387243,2000014530321170
5453840918,46184962253,2000014527105454
5453669220,46183748330,2000014523933758
5453575200,46181658643,2000014519958468
5453536706,46182108307,2000014520890790
5453501361,46168397537,2000014490099694
5453500208,46181889488,2000014519884738
5453459757,46158503828,2000014467242752
5453391611,46176705704,2000014508564890
5453291595,46130339918,2000014402938990
5453288538,46179360767,2000014515272078
5453286109,46179597124,2000014515143642
5453189297,46070200694,2000014265807368
5453161326,46175937640,2000014506935910
5453126901,46174966065,2000014505398792
5453106510,46175587076,2000014506137656
5453025176,46175419995,2000014506395308
5453000875,46173725485,2000014502881682
5452867140,46167382962,2000014487059930
5452826317,46153561262,2000014455695896
5452813638,46165381396,2000014482564504
5452813410,46169125554,2000014491278974
5452695458,46150608709,2000014450054220
5452673825,46171930756,2000014497863096
5452642720,46171545948,2000014496969738
5452572253,46108576373,2000014354317424
5452513897,46168449712,2000014489573562
5452429838,46165536538,2000014482873342
5452349741,46167229430,2000014486736018
5452283912,46166467147,2000014485610014
5452255929,46166257792,2000014484497674
5452194988,46152777038,2000014454079904
5452182932,46152630849,2000014454311934
5452168533,46165065623,2000014482409980
5452002282,46163089726,2000014477332664
5451992087,46161981376,2000014474850680
5451882587,46161033505,2000014473371188
5451867563,46159523329,2000014470139116
5451702898,46149792724,2000014447830914
5451678143,46152688883,2000014454456148
5451377387,46154778286,2000014458454126
5448211999,46085923325,2000014302859606
5451240185,46142035675,2000014431600020
5451219186,46153283346,2000014455105836
5450983036,46072844020,2000014271631854
5447632891,46083830918,2000014297183758
5451097041,46152456389,2000014453996374
5450700061,46148424469,2000014445554948
5450649641,46098781302,2000014331698022
5450648524,46100386026,2000014335247012
5450430944,46145285677,2000014438713966
5450375776,46141399680,2000014429702350
5450275435,46114681289,2000014368319986
5450243750,46141231326,2000014429356778
5450243168,46142217047,2000014431975482
5450205259,46143127492,2000014433376664
5450136121,46046427861,2000014214034008
5450113755,46142030038,2000014430990502
5450097345,46141630821,2000014430716828
5450072528,46089154705,2000014310565570
5450060052,46126527205,2000014394677354
5449837867,46130330178,2000014402921642
5449831553,46137889174,2000014421109022
5449803783,46135803626,2000014416086062
5449737271,46131462009,2000014406132364
5449722343,46136320070,2000014417271732
5449703407,46135596853,2000014416209256
5449498774,46127479118,2000014396231586
5449435804,46131112927,2000014405306838
5449312764,46130687478,2000014403699610
5449297697,46130442546,2000014403172816
5449290356,46130203679,2000014403239634
5449278615,46126260819,2000014394066414
5449215722,46129286287,2000014401272358
5449133511,46128034673,2000014398188294
5449066807,46118513152,2000014376048116
5449007854,46126477238,2000014393950742
5448868766,46108864201,2000014354972612
5448855756,46123751812,2000014387900060
5448758490,46119546938,2000014378281834
5448730813,46123092637,2000014387074728
5448729265,46116527694,2000014371662224
5448465278,46119425031,2000014378636038
5448409391,46118074009,2000014375635684
5448394715,46117680978,2000014374205578
5448276324,46099261858,2000014332709898
5448144401,46100885983,2000014336911984
5447890077,46087109439,2000014305798254
5445991622,45994979043,2000014100617674
5447810946,46106448051,2000014349765180
5447801983,46110118535,2000014357757576
5447764238,46095715847,2000014325257728
5447704056,46106960583,2000014350787642
5447624177,46107960400,2000014352363272
5447618807,46107885762,2000014352205292
5447608947,46102141863,2000014339694924
5447586562,46107067089,2000014351046090
5447538984,46101650309,2000014338623658
5447524262,46106574932,2000014349506290
5447448662,46098233722,2000014330484510
5447388710,46102777505,2000014341111412
5447274764,46090155122,2000014312115538
5447269625,46102542046,2000014340005030
5447176684,46101393610,2000014337467330
5447173995,46101213070,2000014337063444
5447077075,46099763990,2000014333827532
5447004631,46098202494,2000014330478014
5446934995,46096859970,2000014327408832
5446919709,46093090707,2000014319201338
5446842775,46094549673,2000014322543250
5446823781,46096002514,2000014325304844
5446569400,46092140569,2000014317091472
5446554120,46063140891,2000014250713146
5446520894,46086492050,2000014303611564
5446512323,46089640368,2000014311034394
5446435156,46087106632,2000014305146612
5446381258,46089760528,2000014311273416
5446154414,46083791313,2000014297744124
5446151510,46078173858,2000014283798570
5446087189,46083727061,2000014297581264
5446018850,46081400252,2000014291275220
5446001547,46063941128,2000014251866914
5445974458,46073538986,2000014273149822
5445952164,46081039197,2000014291043232
5445941584,46061146348,2000014245988912
5445760250,46077460466,2000014282171174
5445758105,45894126981,2000013874780078
5445719922,46077428301,2000014282687648
5445635925,46076650133,2000014281038600
5445624850,46077535153,2000014282976088
5445594114,46076353166,2000014279761972
5445569702,46076929428,2000014281050278
5445559548,46075005012,2000014276529958
5445525908,46076237569,2000014280141774
5445239116,46072076373,2000014270547970
5445226115,46066087235,2000014257129390
5445224001,46072105754,2000014270047354
5445154032,46070962327,2000014268111324
5445134989,46070950682,2000014267477228
5445055250,46069682986,2000014264675972
5445026628,46068223440,2000014261386008
5444981901,46062042399,2000014248341686
5444855610,46052114246,2000014226007062
5444842344,46065036045,2000014254838370
5444758045,46061943766,2000014247588274
5444689515,46064384987,2000014253429342
5444675928,46061941699,2000014248120506
5444463718,46059989307,2000014243875580
5444452390,46058168286,2000014239106962
5444277256,46056643220,2000014235781830
5444164723,46057196884,2000014236996730
5444119496,46056215100,2000014234875270
5443985056,46053706870,2000014229497012
5443949800,46053834562,2000014229753390
5443948451,46053946887,2000014230542092
5443864673,46048844968,2000014218682574
5443696378,46048975200,2000014218927374
5443673270,46049992866,2000014221143156
5443542419,46046968489,2000014215224392
5443365319,46045857132,2000014212271392
5443283498,45896536527,2000013880801192
5442851359,46037854137,2000014195056814
5442467992,46019468550,2000014152797630
5441072370,45993491214,2000014096547338
5441019002,45982480959,2000014072004352
5437404435,45906136557,2000013901179412
5439396529,45975249681,2000014054578424
5440409410,45987726125,2000014084352964
5439784673,45993079808,2000014095583570
5439501323,45990341362,2000014089459718
5439476637,45990120858,2000014088999134
5439338048,45988093050,2000014084580624
5439198799,45976404296,2000014056606000
5439149231,45980376946,2000014066283962
5438400877,45961335848,2000014021736580
5438326176,45965123489,2000014030921128
5437940364,45963186198,2000014025984368
5437793477,45960128653,2000014019503552
5437592924,45954661396,2000014006999956
5437269143,45951880651,2000014001430136
5437228421,45949026730,2000013994677358
5437181550,45950725955,2000013998831484
5437087256,45949349095,2000013995948854
5436647815,45941798981,2000013979626732
5436690390,45937068140,2000013968804986
5436548259,45941158909,2000013978279062
5436300556,45937288031,2000013969919860
5436091576,45928662834,2000013950214210
5435601262,45925194663,2000013942718862
5435600321,45923641146,2000013938637150
5435514722,45922836816,2000013936864906
5435474384,45924890753,2000013942030404
5435435498,45924088625,2000013940238318
5435053465,45908686431,2000013906611212
5431825312,45840329238,2000013752316536
5434855242,45908212798,2000013904957678
5434750233,45882108465,2000013846671162
5434613292,45913125771,2000013916362598
5434325954,45902272578,2000013892377026
5434269477,45878309325,2000013837334292
5434248058,45907944509,2000013904917744
5434188421,45907444372,2000013903354614
5434157541,45905163876,2000013898552134
5433889082,45902745321,2000013894037526
5433595659,45871375325,2000013821257142
5433568675,45742511927,2000013539380398
5433477441,45896811322,2000013880810972
5433451624,45896937414,2000013881068972
5433431792,45847931872,2000013768913792
5433200081,45891377889,2000013868412244
5433151140,45891695824,2000013868473074
5433147710,45891131235,2000013867803230
5433027086,45879976137,2000013841323632
5432946108,45887861234,2000013860221194
5432904020,45846148142,2000013765071076
5432755513,45884999618,2000013853083880
5432750141,45835484797,2000013742098014
5432483831,45878618590,2000013837454552
5432132806,45874029487,2000013827262882
5432121240,45874000794,2000013826553182
5430436716,45845023251,2000013763212964
5423255047,45726402815,2000013505916804
5416036653,45611215207,2000013253474772
5418763293,45597969870,2000013224264266
5431692552,45858450261,2000013792562672
5431594779,45865429527,2000013807835214
5429273899,45808584322,2000013682207422
5431531088,45864557522,2000013805383828
5431380168,45800198653,2000013664647668
5431102229,45856224987,2000013787785870
5431057367,45853901431,2000013782876218
5431046309,45830237808,2000013729258236
5430981745,45856890610,2000013788694398
5430882054,45854906815,2000013785031850
5430877648,45831960693,2000013733792120
5430726013,45852294850,2000013778513306
5430706315,45851717898,2000013777197074
5430588065,45839739262,2000013751052132
5421267160,45640479434,2000013318380556
5430471963,45847526477,2000013768604498
5430428677,45834137945,2000013738906588
5430265454,45844364304,2000013761056880
5430017072,45840359189,2000013752934476
5429958201,45839738148,2000013751032788
5429924214,45839146064,2000013749770670
5429461334,45830251308,2000013729263298
5429388239,45826537312,2000013721080570
5429339550,45828509342,2000013725400824
5429287817,45828262325,2000013725421432
5429121962,45809070295,2000013683784592
5429222495,45822981709,2000013713890058
5428766831,45820140157,2000013707680462
5428537811,45816495006,2000013699324390
5428528530,45816499533,2000013699847834
5428151059,45736283584,2000013525885142
5428072546,45809172010,2000013683510466
5427942161,45806688715,2000013678807008
5427516067,45795839789,2000013654991654
5427291696,45795657376,2000013654032246
5427236741,45794280468,2000013651165964
5427173557,45792987933,2000013648940032
5425847915,45724231126,2000013500563620
5421779405,45701598230,2000013451448520
5422011203,45696880174,2000013441332388
5427025124,45791533235,2000013645925674
5426972107,45790277312,2000013642301652
5426923169,45789779778,2000013641139116
5426859031,45788638834,2000013638456740
5426843916,45776526004,2000013612123114
5426789320,45786895291,2000013635071158
5426699754,45785834916,2000013631980302
5426647916,45784891307,2000013630463656
5426571497,45783320699,2000013627052870
5426215245,45778522119,2000013616906044
5426119624,45777520078,2000013614325654
5425907082,45774358934,2000013607579208
5425877956,45773039460,2000013604858690
5425836097,45773299022,2000013605375874
5425810536,45772824225,2000013604954092
5425678510,45770805238,2000013600098890
5425665378,45770370715,2000013599730744
5425419701,45766707761,2000013592042606
5424996774,45760318192,2000013578090030
5424856020,45758155626,2000013573380768
5424778741,45756997912,2000013570849438
5424607340,45753245246,2000013563042246
5424589645,45754021386,2000013564594430
5407328647,45480481542,2000012969257176
5410136863,45506150144,2000013024370884
5424564069,45753961710,2000013564464868
5424268170,45717954716,2000013487471082
5424265053,45746279671,2000013547579830
5424255544,45721094302,2000013494016356
5423978023,45744716308,2000013543679894
5423796907,45741707293,2000013537763772
5423632233,45738504544,2000013530701310
5423488793,45737229527,2000013528444406
5422835620,45727045725,2000013507171574
5422770545,45687980221,2000013422942828
5422596181,45723873268,2000013499777528
5422570716,45723509852,2000013498838820
5422317951,45696729676,2000013441088696
5422282236,45712657930,2000013475571354
5422116342,45716034112,2000013483481558
5421731586,45698319695,2000013444987048
5421725263,45708388114,2000013465799942
5421715950,45708479118,2000013466021580
5421705911,45681207184,2000013408003826
5421635502,45700146811,2000013449092122
5421420666,45638700178,2000013314507526
5421416155,45592416354,2000013212077024
5421413059,45706109226,2000013460911796
5421239808,45618265009,2000013268580974
5421239380,45621830524,2000013275911996
5421151607,45702124523,2000013453041814
5420928603,45698697815,2000013445807790
5420841952,45697749282,2000013443181166
5420800549,45696929453,2000013442022372
5420775998,45692075565,2000013431674070
5420513605,45692577136,2000013432209862
5420382632,45690506711,2000013428231976
5420266597,45687682099,2000013422347446
5420227667,45687976246,2000013422427012
5420125292,45569510398,2000013161974482
5419933222,45675729303,2000013396692062
5418876911,45645799870,2000013330087516
5419551989,45677770535,2000013400929202
5419470828,45609065396,2000013248462080
5419434181,45675350620,2000013395344738
5419420529,45675678337,2000013396541800
5419413664,45664162566,2000013369956048
5419372491,45675463478,2000013395547852
5419335721,45614022415,2000013259548124
5419152937,45671809553,2000013387920144
5419009016,45669700212,2000013382420250
5418850253,45666365920,2000013374778902
5418762360,45665106567,2000013372605420
5418399840,45631787330,2000013299200782
5418585116,45663069098,2000013367422862
5418440313,45660627855,2000013362722686
5418294060,45657998313,2000013357065102
5418022028,45652410117,2000013345136216
5417976004,45654147324,2000013348252556
5417868257,45593723434,2000013214912512
5414938770,45582480015,2000013190121250
5416597421,45565500437,2000013154100782
5416573141,45597357845,2000013223470918
5416049181,45549361493,2000013119020556
5417297860,45602613991,2000013234916528
5415059574,45556829659,2000013135523606
5417309767,45639466075,2000013316734124
5417141750,45496703041,2000013005041066
5416988431,45531451052,2000013079845390
5416138790,45533611063,2000013085202794
5416935595,45636775908,2000013310356010
5416830808,45634596399,2000013305846254
5416796928,45632450423,2000013301173726
5416702407,45632468216,2000013300667446
5416562485,45627710723,2000013290212196
5416287588,45623513612,2000013279698222
5416183218,45623521065,2000013280271374
5416137225,45622892672,2000013278299572
5416093406,45622415252,2000013277222974
5416088551,45622254630,2000013276862732
5415806984,45617792172,2000013267094746
5415674800,45615849888,2000013262978772
5415480757,45612720704,2000013256080332
5415347060,45607772256,2000013245539534
5415074177,45605948114,2000013241480632
5415050964,45605418464,2000013240329882
5412955459,45557258364,2000013135933892
5414521994,45577352601,2000013179130420
5414254511,45553899147,2000013129336810
5414872393,45572979738,2000013169384354
5414703100,45599421994,2000013227289792
5414662265,45598563079,2000013226052284
5414584202,45596275331,2000013221147876
5414540547,45596500691,2000013221639498
5414431706,45460242748,2000012924207670
5414299852,45592493117,2000013212766664
5414248664,45591398303,2000013210456264
5414188445,45591111294,2000013209281748
5414173804,45590591320,2000013208173226
5414170685,45590770490,2000013208547764
5414130309,45589863427,2000013207191374
5414129299,45589204226,2000013205281212
5414102974,45589886594,2000013206764354
5413781478,45584195182,2000013193365806
5413752124,45583539763,2000013192470370
5413476921,45579681228,2000013183449020
5413459569,45573176027,2000013170269458
5413418216,45578856256,2000013181780272
5413387511,45572543804,2000013168465128
5413266138,45555053211,2000013131804350
5413070547,45570715868,2000013164790198
5413044502,45572845724,2000013169112332
5412797854,45503513213,2000013019364976
5412539037,45565511310,2000013153623426
5412435346,45562976824,2000013148074704
5412345722,45562234447,2000013146963138
5411908284,45554284509,2000013130147686
5411509498,45522391193,2000013061032472
5412190291,45559599027,2000013141588028
5411878233,45555286048,2000013131780286
5411831855,45554304667,2000013130191676
5411592085,45532899067,2000013083559018
5411507539,45547286947,2000013114179930
5411492957,45496304252,2000013003806380
5411071655,45531124185,2000013079702516
5411086336,45461304869,2000012927208656
5411002614,45522837660,2000013061436822
5410790541,45538372222,2000013094502298
5410768943,45453631700,2000012909921442
5410683041,45536556252,2000013090677636
5410638697,45536079532,2000013089730978
5410632482,45535528823,2000013089073586
5410583803,45510131213,2000013033703678
5407032739,45434203114,2000012867947552
5405645095,45444360486,2000012890082956
5406154186,45410706410,2000012817123344
5408179225,45485370241,2000012980509858
5409725107,45482850310,2000012974631862
5409925465,45498122330,2000013007481906
5410441949,45532932923,2000013083632658
5410391531,45523439368,2000013062707346
5410386948,45532022075,2000013081585576
5410377416,45467267683,2000012939982070
5410289106,45530612053,2000013078627424
5410117327,45525124471,2000013066776874
5410108331,45527980008,2000013072748606
5410044610,45526614303,2000013070117684
5409959655,45524939948,2000013065894216
5409874131,45523898398,2000013063681392
5409639016,45518593023,2000013052778172
5409605334,45519449873,2000013054602494
5409536527,45518771360,2000013052646242
5409402899,45512710742,2000013039196520
5409337737,45515590037,2000013046495554
5409199085,45513472774,2000013040998222
5409134462,45512184905,2000013038538594
5408947453,45500125898,2000013011583970
5408562567,45503682639,2000013019713656
5408447611,45476815578,2000012961423926
5408282639,45496577790,2000013004305658
5408215796,45438974983,2000012878916748
5408208438,45498429151,2000013008643760
5408185415,45482994332,2000012974915822
5408163866,45464118132,2000012932542722
5407985858,45494860911,2000013001104994
5407943868,45494276296,2000012999275822
5407766537,45433064631,2000012865858486
5407652218,45424780379,2000012847181162
5407630206,45489363695,2000012989498774
5407559362,45487687376,2000012985042342
5407411270,45485619527,2000012981068720
5407394416,45398602489,2000012791821468
5407083414,45479098152,2000012966298908
5406971097,45475408013,2000012958941054
5406950182,45464047770,2000012932407328
5406832543,45471941753,2000012950693432
5406564593,45450226752,2000012902714772
5406281935,45431641069,2000012862580672
5406014781,45462011245,2000012928565770
5405977166,45462495554,2000012929104318
5405975682,45460883170,2000012925696488
5405946982,45457498290,2000012918372112
5403568452,45193992304,2000012343160588
5405755628,45458967224,2000012921412262
5405604029,45175427971,2000012303456784
5405363669,45451604885,2000012906117442
5405138659,45390090414,2000012771819174
5405061937,45447343647,2000012896934322
5405056814,45447314875,2000012896841640
5404888812,45443797265,2000012889397002
5404873843,45444005917,2000012889856910
5404835691,45432397188,2000012863735644
5404809196,45443650276,2000012888587172
5404795987,45443383138,2000012888066096
5404785185,45439280243,2000012879534972
5404726213,45442190060,2000012885538188
5404634190,45440550322,2000012881739544
5404629363,45356112355,2000012698804634
5404561922,45439032720,2000012878531416
5404445886,45437405991,2000012875625292
5404399224,45418554788,2000012833600086
5404375085,45436418221,2000012873578220
5404361230,45429985387,2000012858687028
5404166993,45430609037,2000012860112774
5404101735,45431747142,2000012862278900
5404086684,45430029173,2000012858794422
5403885021,45428245860,2000012854284360
5403728528,45406128881,2000012807917144
5403573191,45423476994,2000012843961826
5403511211,45422283197,2000012842003558
5403314035,45419226284,2000012834942560
5403303498,45415169539,2000012826978476
5403192278,45417258061,2000012831356630
5403170809,45417192836,2000012830740304
5400981919,45364490063,2000012717334606
5403066413,45415127267,2000012826861428
5403053120,45414910579,2000012826389966
5402689379,45409334028,2000012814198708
5402645043,45407328863,2000012810327982
5402497944,45406315660,2000012807824514
5402418149,45401397385,2000012797720030
5402368643,45404064867,2000012803702742
5402151033,45399617097,2000012793935906
5402111674,45399651592,2000012793511412
5402107514,45400002585,2000012794780476
5402075210,45389925248,2000012771514366
5402041369,45398719923,2000012792058768
5402023314,45398749701,2000012792132100
5401812912,45394798335,2000012783096176
5401680367,45393098482,2000012778513730
5401659394,45392263329,2000012777124816
5401570382,45391339181,2000012775050862
5401119346,45373802662,2000012736905468
5401117216,45384842252,2000012760641774
5400969977,45382382306,2000012755136620
5400758695,45379460187,2000012749534776
5400720200,45372859609,2000012735439426
5400711791,45374103056,2000012737531790
5400206251,45370775492,2000012730297840
5400700671,45345506576,2000012674695626
5400476192,45374678977,2000012739241932
5400471204,45374890509,2000012739706984
5400464601,45374760311,2000012739454422
5400432976,45374167867,2000012738192972
5400374985,45368678603,2000012726353438
5400244989,45368265820,2000012724982850
5400167031,45370200470,2000012729028242
5400159947,45370048484,2000012728680968
5400097333,45369021084,2000012726539978
5400029205,45368033524,2000012724485186
5400018805,45367701509,2000012724279354
5400016113,45367682049,2000012724264380
5399606874,45344393343,2000012672711986
5399981584,45230507002,2000012422363030
5399965299,45361054152,2000012709493996
5399913439,45363821577,2000012715825394
5399493365,45310973338,2000012599044872
5399659814,45362086089,2000012712190928
5399632315,45347352106,2000012678625094
5399599431,45361205113,2000012710333744
5399596207,45305937182,2000012588192882
5399506773,45358756544,2000012704480784
5399496665,45352276172,2000012689406468
5399491029,45359993356,2000012707414488
5399238806,45341599381,2000012666874290
5399180593,45354618784,2000012694694516
5399088083,45353005741,2000012691533652
5398965281,45351469662,2000012687684880
5398846907,45347918435,2000012680344408
5398727123,45347734423,2000012679949196
5398712313,45347567933,2000012679602156
5398631241,45346556936,2000012676974532
5398465361,45253774118,2000012473666782
5398435054,45343371021,2000012670489240
5398347669,45342216242,2000012667649304
5397392599,45244611325,2000012454152040
5398255919,45340871254,2000012664833074
5395666053,45118965847,2000012178724212
5397999661,45336363992,2000012654946214
5397976161,45335819743,2000012654277706
5397885636,45334180808,2000012650339318
5396584475,45220579453,2000012401715796
5396990295,45317981499,2000012615583842
5396882225,45307729752,2000012591958632
5396871097,45318004618,2000012615111678
5396456623,45311869257,2000012601568832
5396128584,45306665328,2000012589684442
5396095107,45306355619,2000012589513160
5395972767,45304312236,2000012584548198
5395706929,45218487209,2000012397461708
5395642366,45299329556,2000012573900876
5394741384,45246244090,2000012457117892
5394493437,45237901469,2000012439001620
5394046008,45141961796,2000012229525786
5395079705,45246994551,2000012459368852
5395036569,45152984997,2000012253917010
5394787547,45209669482,2000012377822378
5394771797,45280398758,2000012532539284
5394651286,45282344903,2000012537174642
5394650655,45275791243,2000012522374146
5394553744,45281154296,2000012534141730
5394501240,45280200664,2000012532129820
5394086606,45272174006,2000012513433368
5394005776,45271649991,2000012512791212
5393989492,45268045635,2000012504856612
5393913721,45269859410,2000012508295686
5393680534,45263973649,2000012495963526
5393597339,45265368369,2000012499239584
5393584164,45264960433,2000012498281024
5393527801,45264069357,2000012496201642
5393428181,45259086818,2000012484996376
5393341744,45252698424,2000012471121980
5393240775,45248074014,2000012461400398
5393175325,45226253711,2000012413774622
5390558449,45207395188,2000012373040904
5391538482,45175981730,2000012304118888
5389832305,45134553843,2000012213863164
5393006899,45255437123,2000012477537802
5392885386,45239166150,2000012441424258
5392839159,45253286554,2000012472502314
5392735313,45251650088,2000012468794038
5392713649,45251137189,2000012468206344
5392547039,45220384939,2000012401319716
5392361677,45245282197,2000012455540256
5392233070,45238717756,2000012440378592
5391840187,45234084669,2000012430530842
5391750965,45235338108,2000012432677746
5391745945,45173177402,2000012297940562
5391703376,45182916538,2000012319101554
5391630147,45197563044,2000012350674054
5391408235,45231156651,2000012424218110
5391384555,45230836107,2000012423537432
5391266554,45206284512,2000012370767506
5391241551,45228860134,2000012418842666
5391145032,45226573131,2000012414415280
5391029245,45225705056,2000012412130760
5390973800,45224807437,2000012410777692
5390889122,45223410807,2000012407860870
5390858079,45163697808,2000012276642638
5390673298,45220153443,2000012400857832
5390672439,45219955607,2000012400450930
5390658422,45220228262,2000012400544336
5390615779,45219608716,2000012399231446
5390587021,45213202182,2000012385674246
5390478781,45217022293,2000012394214328
5390428394,45216263607,2000012392513424
5390273206,45210371255,2000012379862272
5390232520,45147865858,2000012242490970
5389997426,45162979004,2000012274947754
5389950837,45209346884,2000012377160446
5389866949,45182979154,2000012319250924
5389772303,45206912030,2000012372053082
5389486888,45202194788,2000012361066678
5389321139,45199617622,2000012355193248
5389008973,45139208983,2000012224232906
5389007712,45195422134,2000012346079128
5388982378,45186058084,2000012325877786
5383025610,45067433325,2000012065671448
5386880973,45136155741,2000012217493754
5385670305,45133963388,2000012212142824
5388919514,45194001477,2000012343622662
5388685931,45190527049,2000012336056002
5388591336,45189044981,2000012332940560
5388558649,45188547864,2000012331422914
5388528647,45185212883,2000012324499514
5387892654,45165144770,2000012280060788
5388380511,45166752243,2000012284347764
5388290077,45183618557,2000012321127958
5388190894,45176885702,2000012306065782
5388111666,45178844983,2000012310636174
5388022626,45164057403,2000012278046100
5387957645,45179204936,2000012310912600
5387919435,45116199680,2000012172302654
5387834802,45177083539,2000012306972314
5387785507,45175948506,2000012304074140
5387780661,45173153323,2000012298393206
5387732207,45171027476,2000012293294244
5387723337,45175251561,2000012303059514
5387692656,45174892857,2000012302387240
5387663987,45174434569,2000012301400388
5387548134,45172258635,2000012296393012
5387490718,45160636979,2000012270374586
5387481589,45171399557,2000012294538968
5387457699,45171425104,2000012294107288
5387387837,45168998758,2000012289152544
5387350854,45169729487,2000012291083076
5387264820,45168773810,2000012288708464
5387066788,45160945556,2000012270505818
5386953166,45131045000,2000012205903572
5386878569,45152867321,2000012253677588
5386810744,45161399850,2000012271505654
5386667718,45159255628,2000012266765524
5386605641,45158292862,2000012264720298
5386554456,45157648298,2000012263420266
5386479483,45156486424,2000012260991926
5386474672,45156453244,2000012260942780
5386082393,45150739878,2000012248800514
5386072935,45149976493,2000012247688912
5386068711,45150160203,2000012248057280
5386066901,45147534120,2000012241756568
5385847743,45146449549,2000012239875258
5385716810,45092708663,2000012121397216
5385645677,45144126984,2000012234423102
5385593956,45118349431,2000012177418050
5385583921,45142997916,2000012231839846
5385567096,45142489897,2000012231229232
5385521303,45141739314,2000012229076522
5385492705,45042531650,2000012010209334
5385271829,45138011456,2000012221331628
5385262881,45138261692,2000012221809368
5385258330,45137992921,2000012221729562
5385212306,45137473498,2000012220090752
5385112511,45135655188,2000012215835952
5384918914,45132689572,2000012209408164
5384893299,45096778461,2000012130264808
5384874929,45085202607,2000012103838644
5384827934,45131181081,2000012206648392
5384810279,45130922985,2000012206110498
5384781062,45128959342,2000012200909886
5384688857,45127439740,2000012197345926
5384676851,45125348916,2000012192386994
5384620500,45123889798,2000012189057074
5384562148,45125332754,2000012192359248
5384537166,45121608011,2000012184584206
5384471561,45122419769,2000012186308992
5384468930,45124891031,2000012191857728
5384447662,45124683872,2000012190819862
5384389345,45123158868,2000012187427126
5384050943,45119128238,2000012178588452
5383959517,45117872612,2000012175906196
5383816947,45115404177,2000012171000892
5383809906,45115196295,2000012170497820
5383738722,45100607772,2000012138105888
5383681548,45113499201,2000012166817746
5383550810,45111722286,2000012162626392
5383498036,45107965507,2000012154726480
5383265254,45107023066,2000012152239646
5383224333,45090957527,2000012117492372
5383103312,45095970078,2000012127898942
5383000429,45102243873,2000012142077662
5382356581,45070940177,2000012073067758
5382071373,45087598260,2000012108847446
5381634143,45081137298,2000012094448680
5381536040,45069800648,2000012070229388
5381487017,45076977738,2000012085438786
5381331513,45074741371,2000012081296384
5381200283,45074825789,2000012081445824
5380019436,44999229529,2000011916066760
5380060022,45011506634,2000011942082874
5381193986,45074971584,2000012081289578
5380969588,45068974175,2000012068994322
5380479918,45038341234,2000012000958872
5380483296,45064045919,2000012058366504
5380300512,45031656472,2000011986755788
5380191870,45059525081,2000012048614216
5380156409,45006154510,2000011930487220
5379692424,45051832372,2000012030505646
5380069192,45058068948,2000012045049376
5380057154,45024067190,2000011970430862
5379997129,45056374760,2000012041201718
5379986047,45056756376,2000012042178838
5379959745,45037585230,2000011999434466
5379954801,45055487919,2000012039668306
5379852096,45054394828,2000012036501644
5379790145,45053228589,2000012034377312
5379466832,45005468297,2000011929535932
5379457688,44991241900,2000011898015436
5379405777,45046658564,2000012019151808
5377363795,45007472466,2000011933301356
5377322233,45008628525,2000011936202146
5379378060,45047299160,2000012020541514
5378365131,45008719737,2000011936383152
5379295285,45045798450,2000012017357758
5379079640,45020411477,2000011962482894
5378952614,45041015842,2000012006926610
5378747751,45037749661,2000012000222632
5378682279,45036827027,2000011998322380
5378627288,45035730595,2000011996010658
5378589223,45035470277,2000011995522236
5378578535,45022359814,2000011966536180
5378039229,45027439384,2000011977602452
5377959419,44994294056,2000011904712440
5377895413,45014351231,2000011948623702
5377719924,45021542508,2000011964547898
5377589694,44968001110,2000011846302538
5377272557,45016039896,2000011951965368
5377189335,44976952526,2000011865872810
5377131957,44994613408,2000011905376734
5377000904,44987485323,2000011890460046
5376959428,45009843453,2000011938905914
5376938911,45011502006,2000011942071704
5376701856,45008198230,2000011934847078
5376656059,45007643946,2000011933676722
5376573401,45006498728,2000011931206668
5376421224,44958912826,2000011825643076
5376417886,45003978150,2000011925611994
5375791037,44975494178,2000011862638642
5373922853,44939244352,2000011779209866
5372968146,44819625026,2000011509109736
5376189422,44988158833,2000011891900242
5374500990,44929250054,2000011756328272
5376035990,44997803807,2000011912735686
5375969503,44996998404,2000011910458020
5375738831,44993226821,2000011902986236
5375684754,44985088061,2000011885047240
5375605463,44990845606,2000011897139044
5375530029,44990140520,2000011895623546
5375268207,44985915507,2000011887021640
5375260045,44985814082,2000011886282192
5375144400,44983896080,2000011881689824
5374944438,44980320809,2000011873862876
5374837581,44978777571,2000011870426622
5374784103,44968122530,2000011846563018
5374702907,44973496970,2000011858344364
5374637218,44975813610,2000011863303702
5374454207,44942133931,2000011786543174
5374600299,44921711414,2000011739221510
5374502518,44973913404,2000011859243206
5374477959,44955066272,2000011817048428
5374393941,44950740176,2000011806903062
5374250246,44970045046,2000011850422690
5374231871,44969607555,2000011850204100
5374229486,44969584739,2000011850145554
5374189684,44968689099,2000011848257804
5374095430,44967648983,2000011846014292
5374052329,44966870952,2000011843889068
5374019647,44965071036,2000011839687148
5373883500,44955852314,2000011818733470
5373831663,44963032655,2000011835728900
5373820476,44963524340,2000011836314456
5373819643,44963678164,2000011836640248
5373698811,44961854204,2000011832642928
5373590268,44959603139,2000011827818746
5373450949,44957689256,2000011822865296
5373424626,44957245694,2000011821857170
5373419982,44957243068,2000011821880250
5373345024,44955664201,2000011818824348
5373314845,44923148135,2000011742881634
5373293572,44954845083,2000011817046646
5373198825,44953044903,2000011812605412
5373173989,44952817603,2000011812112096
5372997594,44950200799,2000011806171166
5372932297,44917984020,2000011730545366
5372903986,44916356866,2000011726942802
5372832105,44947488485,2000011799719826
5372825452,44947302157,2000011799217892
5372738670,44932888372,2000011764872026
5372706274,44942855507,2000011788275484
5372672838,44943926701,2000011790843356
5372609423,44943594645,2000011790027464
5372571796,44943085515,2000011788818374
5372563888,44912267760,2000011717207454
5372476190,44941946134,2000011785618842
5371642725,44922664945,2000011741838996
5372255902,44935769043,2000011771887976
5372201641,44937935214,2000011776344646
5372064418,44925260833,2000011747805746
5369226621,44886619354,2000011660098410
5371298393,44884578423,2000011656168798
5367752717,44848994467,2000011575409650
5371950396,44933919253,2000011767602542
5371859272,44932809954,2000011764661234
5371855479,44932440091,2000011764348184
5371620471,44928282797,2000011754661108
5371559576,44928024040,2000011753590898
5371453775,44926206765,2000011750073254
5371441896,44924363559,2000011745678906
5371329861,44924139271,2000011745156968
5371296027,44916090316,2000011726366194
5371158925,44921565685,2000011739398478
5371139077,44921492228,2000011738764116
5370694883,44914585656,2000011722912050
5370684855,44913781071,2000011721438262
5370601740,44911229359,2000011715157020
5370415150,44909883153,2000011712000516
5370117036,44904915887,2000011700954240
5369379264,44805282781,2000011476204360
5369395462,44894796497,2000011678800180
5369292725,44893366929,2000011675450050
5369098021,44890749141,2000011669785432
5369083115,44889563559,2000011667362142
5368685442,44866311036,2000011613676330
5369025497,44888666652,2000011664640500
5368470888,44875091765,2000011633720798
5368057670,44875184594,2000011633455954
5368012290,44874330271,2000011632085280
5367812487,44870908201,2000011624330886
5367753130,44870155972,2000011622285482
5367707470,44867123136,2000011615584526
5367641414,44868799297,2000011619755956
5367559416,44867458511,2000011616857458
5367246576,44862539390,2000011605480166
5367242435,44862521120,2000011605401592
5366966524,44856830887,2000011593207138
5366767627,44851769399,2000011581840658
5366579033,44851167009,2000011580542582
5366578720,44851166897,2000011580525984
5366576371,44851074036,2000011579896224
5366267381,44840990753,2000011556973864
5366237849,44846167836,2000011568103166
5366208368,44845764292,2000011567192104
5365962325,44841774987,2000011558674444
5365933525,44837947804,2000011549679414
5365165105,44809794433,2000011486452842
5365494058,44795967594,2000011455024790
5363877490,44792334746,2000011446837860
5365846210,44840428815,2000011555756620
5365702112,44837706079,2000011549619568
5365526244,44833433537,2000011540239326
5365512042,44835192145,2000011544183452
5365448422,44834175726,2000011541485202
5365410886,44833233928,2000011539298434
5365256236,44830824403,2000011534542112
5365208152,44829876531,2000011532437422
5365066453,44826119394,2000011523529302
5365050811,44827576470,2000011526746954
5365004890,44826620576,2000011524607512
5364911961,44825193797,2000011521988998
5364827708,44794866231,2000011453146062
5364673958,44809396768,2000011485135252
5364510949,44816666170,2000011502153004
5364506212,44818838320,2000011507426910
5364505769,44818577501,2000011507305100
5364358140,44815444349,2000011499698098
5364320468,44815191907,2000011499092068
5364299836,44814928935,2000011498461106
5364018820,44800534652,2000011465077746
5364095060,44811615113,2000011490692104
5364035718,44810619847,2000011488337724
5363979797,44799720145,2000011463845248
5363859714,44781822118,2000011422278010
5363840775,44799283809,2000011462947228
5363815749,44800733947,2000011465972000
5363814688,44800547870,2000011465170686
5363786094,44807052560,2000011479948742
5363661580,44797697865,2000011459251138
5363649609,44801939814,2000011468075058
5363504259,44800640457,2000011465820616
5363451036,44797094240,2000011457446904
5363435493,44800968149,2000011466505434
5363433538,44801148508,2000011466443028
5363321739,44797385560,2000011458080390
5363212539,44797725538,2000011458815304
5363141610,44796536530,2000011456252956
5363026015,44776220946,2000011410067438
5362714723,44789137729,2000011440253622
5362580116,44783575150,2000011426383898
5362560884,44787516842,2000011435690254
5362522916,44786706747,2000011434219158
5362130144,44775536217,2000011409067124
5362268751,44782598500,2000011424098324
5362211227,44781819598,2000011422314960
5362156745,44781521914,2000011421677302
5362043951,44777824507,2000011413951768
5361673499,44773912785,2000011405524272
5361626175,44773421116,2000011403877174
5361361982,44769145189,2000011394947160
5361201472,44767052116,2000011389818462
5361099588,44763602931,2000011382480292
5360986970,44763939170,2000011382755410
5360761198,44751158531,2000011353322382
5360751694,44760192182,2000011373903378
5360741278,44760044302,2000011373580078
5360732338,44757252581,2000011367280738
5360670086,44757786965,2000011368552358
5360583075,44756657552,2000011365422496
5360558150,44757019375,2000011366709978
5360125897,44744969770,2000011339537360
5360057039,44749630391,2000011350097338
5354900903,44562035273,2000010924448060
5360002633,44749023278,2000011348352594
5359863684,44745279949,2000011340557406
5359835351,44742307432,2000011333490082
5359759329,44744974994,2000011339533388
5359712042,44742812961,2000011334989974
5359446331,44741092510,2000011330865232
5359370798,44739536588,2000011327411780
5359300741,44738764944,2000011325595088
5359164839,44725405334,2000011294692008
5359129635,44735534507,2000011318951956
5353006203,44602103125,2000011016893738
5353443054,44626801369,2000011072875458
5351767925,44585102231,2000010976825878
5354508601,44642436930,2000011107601556
5358726731,44729883876,2000011304794882
5358665322,44728769191,2000011302695498
5358416857,44725044271,2000011294399304
5358357317,44724196441,2000011292559442
5358251978,44722526737,2000011288787798
5358143897,44720742991,2000011284922710
5358004363,44718927245,2000011281042264
5357983505,44718601674,2000011279715526
5357982497,44718534403,2000011280075542
5357783748,44710761592,2000011262306738
5357233537,44687908617,2000011210383224
5357354372,44706636299,2000011253474394
5357270392,44707654989,2000011255781534
5357221937,44707154274,2000011254133356
5356726615,44698943019,2000011235368812
5356595756,44697178567,2000011231241022
5356471439,44695421794,2000011226668180
5356359125,44691923168,2000011218890724
5356004530,44683159504,2000011199262394
5355983687,44688250172,2000011210653686
5355864134,44686191790,2000011205962428
5355736287,44659720916,2000011145920164
5355723138,44683690846,2000011200408600
5355686722,44683035682,2000011199000926
5355648189,44677593600,2000011186928738
5355301997,44677008626,2000011185449194
5355280845,44675399599,2000011182267994
5355216493,44675511629,2000011182508108
5355041399,44670246795,2000011170373972
5354894619,44669713913,2000011169096252
5354809691,44669009570,2000011166798732
5354656612,44666702914,2000011161368916
5354646223,44639170274,2000011099769806
5354486538,44664040333,2000011155812878
5354485227,44617818026,2000011052493528
5354448227,44657259972,2000011140536420
5354382881,44662842430,2000011152756888
5354371413,44662650748,2000011152396290
5354193083,44660053454,2000011146593992
5354165294,44659625704,2000011145683632
5354105417,44601372080,2000011014862524
5354078156,44658156215,2000011142992034
5353804119,44652199359,2000011129888346
5353792834,44654042122,2000011133488026
5353753241,44630118796,2000011079784864
5353695962,44652468496,2000011129989078
5353507340,44649485303,2000011123915128
5351297657,44595583940,2000010999510600
5353320830,44646199581,2000011116545434
5353295059,44646388534,2000011116518366
5353255315,44645192435,2000011114379898
5353232047,44645373888,2000011114323256
5353170891,44644463294,2000011112372388
5353142214,44644021573,2000011111904500
5352993032,44641388959,2000011105562516
5352990075,44641087553,2000011104854462
5352872039,44638532587,2000011098787944
5352540266,44635149928,2000011090817524
5352449210,44616072883,2000011049147078
5352322925,44616072883,2000011049147078
5350585327,44597616625,2000011004418966
5352389565,44602038683,2000011016755054
5352388550,44625416235,2000011069877700
5352262690,44631011257,2000011082165744
5352073140,44628144133,2000011075864894
5352048402,44626755966,2000011072350370
5352029659,44626749617,2000011072786064
5351967125,44626667098,2000011072153192
5351949456,44626318101,2000011071855148
5351531704,44590082489,2000010987841284
5351856459,44615877014,2000011048258336
5351842206,44616002642,2000011048517542
5351822706,44621073702,2000011059868970
5351822237,44622022939,2000011062349678
5351819156,44619026011,2000011055852574
5351809547,44619021548,2000011055316606
5351222746,44592191419,2000010992393286
5351667504,44622141165,2000011062599568
5351655250,44622209316,2000011062324448
5340972128,44454294772,2000010678715702
5341769246,44467682159,2000010710239958
5341807701,44460794388,2000010693370500
5345676375,44514501979,2000010817286310
5341098814,44442976782,2000010653639912
5349861709,44589699528,2000010986574742
5349862683,44595023400,2000010998290594
5349861751,44589747942,2000010986686174
5343780048,44498768627,2000010782745492
5339839531,44430426924,2000010624384782
5341782081,44468266037,2000010711554266
5339168352,44425991414,2000010614564240
5351486471,44615813543,2000011048555742
5351397790,44595679758,2000010999718468
5350755924,44591413533,2000010990645672
5351164723,44609619808,2000011033362246
5351037214,44597821330,2000011004395156
5350995685,44611748265,2000011038949932
5350958148,44608979286,2000011031912328
5350825665,44609033518,2000011032021398
5350821441,44608858872,2000011031630852
5350739900,44596427625,2000011001739814
5350725563,44599141060,2000011010075880
5350273522,44595898218,2000011000139244
5350465371,44603921484,2000011020666046
5350401881,44602967851,2000011018898736
5350254338,44595868826,2000011000117536
5350236999,44600659523,2000011013776916
5350220501,44600237479,2000011012874790
5350178584,44597453974,2000011003566666
5350178553,44599844898,2000011011547732
5350138530,44565497832,2000010931631358
5350110291,44598769223,2000011009751628
5350050172,44596952425,2000011002916186
5349862727,44595023386,2000010998284778
5349807632,44593912901,2000010996364872
5349743020,44591116057,2000010990034976
5349593594,44590563727,2000010988863954
5349297477,44585882285,2000010978516966
5349293347,44584694348,2000010975498840
5349279932,44580037551,2000010964979834
5349260749,44585442247,2000010977577218
5349220408,44584817985,2000010976226666
5349214363,44584767780,2000010975655116
5349142876,44543194567,2000010881208666
5348898547,44579267874,2000010962539748
5348782956,44577887358,2000010959348036
5348716221,44576936804,2000010957225270
5348696769,44576404727,2000010956464256
5348588184,44459093445,2000010689893184
5348584308,44575019764,2000010952806422
5348543586,44574447028,2000010951606340
5348531451,44574270718,2000010951230524
5348524494,44573610143,2000010950217942
5348511095,44573684625,2000010950408128
5348458050,44569878223,2000010941843352
5348159000,44568377238,2000010938124450
5348136555,44568248084,2000010937839336
5348054163,44566647345,2000010934690960
5347989318,44564434354,2000010929350324
5347749010,44561171021,2000010922412620
5347725154,44534779194,2000010862342900
5347106019,44550942082,2000010897974896
5347087358,44532980169,2000010858948084
5346792370,44546357218,2000010887715456
5346785740,44546474510,2000010887961620
5346663904,44544442945,2000010883899894
5346645731,44544187237,2000010883315670
5346629959,44543874213,2000010882651044
5346584782,44542672557,2000010880102074
5346533553,44539706976,2000010873001740
5346468565,44541745032,2000010877686388
5346295439,44537606709,2000010868997790
5346205792,44534723605,2000010862655372
5346043705,44535017907,2000010863303274
5345905728,44533315034,2000010859217496
5345838675,44532232500,2000010856962366
5345771966,44529641634,2000010851085084
5345750111,44525707248,2000010842265254
5345559618,44527421323,2000010846793354
5345512277,44524432046,2000010839213282
5345353379,44524250933,2000010839276480
5345350142,44524017255,2000010838713726
5345313660,44523827912,2000010837759926
5345311982,44523593371,2000010837691394
5345209806,44522190658,2000010833902876
5345120571,44520034008,2000010829035080
5345119071,44520148772,2000010829300922
5345029156,44517427875,2000010823743956
5344958790,44518735512,2000010826167578
5344831715,44514973102,2000010817830810
5344787606,44515960977,2000010820536090
5344751637,44515619738,2000010819265102
5344729410,44513968968,2000010815716714
5344714450,44515161230,2000010818230822
5344671068,44514106472,2000010816022330
5344650006,44510986325,2000010809587868
5344573978,44513087946,2000010813820240
5344539336,44512351043,2000010812715376
5344532702,44511615164,2000010810594708
5344523417,44504350483,2000010795018436
5344449013,44510408841,2000010808292816
5344439756,44510752048,2000010808602404
5344329310,44502747366,2000010791203754
5344246617,44508010492,2000010802686348
5344151677,44506450206,2000010799137540
5344099959,44505726388,2000010797498730
5343839777,44469981538,2000010714795318
5344041088,44504438855,2000010795210792
5343872969,44501732427,2000010789326806
5343819264,44501228672,2000010787672812
5343780163,44499087546,2000010783002872
5343747676,44495158451,2000010774365116
5343740615,44497787653,2000010780684438
5343661976,44497952593,2000010781020254
5342956144,44469981538,2000010714795318
5343388220,44494346930,2000010771962698
5343179934,44478791818,2000010734439222
5343056677,44488275014,2000010758250404
5342951132,44486353367,2000010754542646
5342111001,44458968741,2000010689622256
5342677722,44483970005,2000010749291996
5342274067,44463938661,2000010701279952
5342322438,44475568849,2000010727699024
5342304629,44469690530,2000010714180494
5341944853,44471372386,2000010718012382
5341927044,44472075770,2000010719748616
5341731224,44468938342,2000010712562000
5341646675,44466873151,2000010708557954
5341550184,44465593963,2000010705371604
5341518402,44465163448,2000010703765544
5341474294,44464265065,2000010702081556
5341445924,44463294130,2000010699224616
5341443993,44463836709,2000010701060202
5341269608,44461249954,2000010694389376
5341186442,44459803467,2000010691593008
5341185748,44458561791,2000010688686472
5341140851,44458564647,2000010688686950
5341061285,44457654748,2000010686294130
5340981302,44453955605,2000010678417066
5340980549,44453800890,2000010677635968
5340916397,44384717596,2000010522816284
5340884924,44455482648,2000010681486488
5340805216,44454164228,2000010678423644
5340802690,44454253534,2000010678631168
5340783313,44453785461,2000010678050530
5340752278,44452990612,2000010675907294
5340480459,44448909873,2000010667182814
5340461638,44448830018,2000010666586698
5340445168,44428237185,2000010619760828
5340187682,44444156896,2000010656173116
5340122235,44438297101,2000010643534488
5340064535,44441875789,2000010651700286
5340064306,44442215604,2000010651990822
5340032568,44441921898,2000010651370504
5340027766,44441633845,2000010651186722
5340024996,44441392667,2000010650683498
5339925940,44439834763,2000010647002118
5339906227,44439727468,2000010646269052
5339881016,44434503188,2000010634185444
5339666422,44435838251,2000010638033478
5339549629,44433610061,2000010632498736
5339546084,44433557191,2000010632364988
5339457521,44432222624,2000010628594270
5338913071,44423767520,2000010609442736
5338811587,44409043534,2000010577097936
5338804106,44422407712,2000010606520746
5338791169,44422229320,2000010606134894
5338786161,44419032598,2000010599015940
5338781873,44419478178,2000010599957072
5338627181,44418847924,2000010598642042
5338527759,44417654392,2000010596037598
5338489863,44417341186,2000010595389780
5338296612,44413660996,2000010587275614
5338296131,44413060470,2000010585983258
5337976506,44408571677,2000010576528358
5337946467,44408809025,2000010577037282
5337939841,44404463543,2000010566905272
5337920723,44408413045,2000010576171788
5337715685,44404945885,2000010568036000
5337705268,44404394565,2000010566752944
5337699722,44404782461,2000010567664486
5337636746,44403752779,2000010565178872
5337530432,44401475143,2000010559948362
5337331354,44387544438,2000010528994956
5337495478,44401868262,2000010560347580
5337390928,44400136443,2000010556885754
5337269659,44397688924,2000010551254712
5337267723,44398689352,2000010553359026
5337254384,44390016848,2000010534403150
5337204104,44395261201,2000010546257666
5337200295,44397529847,2000010551327476
5337145970,44396630963,2000010549299552
5337064140,44395500445,2000010546770254
5336975645,44394198451,2000010543988530
5336857708,44392281608,2000010539382772
5336816955,44391875456,2000010538454886
5336772068,44391245060,2000010537036890
5336720163,44390477752,2000010535395344
5336711393,44388588852,2000010531374846
5336636091,44388555374,2000010531310378
5336613779,44388571771,2000010531723964
5336613028,44388819298,2000010531827120
5336585553,44388384206,2000010530986906
5336483547,44386650126,2000010526973734
5336419576,44384362426,2000010522056888
5336371765,44384099050,2000010521501666
5336350793,44381488429,2000010516023334
5336304253,44383476547,2000010520671948
5336221386,44382551444,2000010517986288
5336036619,44371946291,2000010494121500
5335981544,44379157644,2000010510649250
5335935297,44373336415,2000010497252066
5335926531,44378113774,2000010508188990
5335922284,44377709412,2000010507143914
5335914256,44376773783,2000010505380744
5335901448,44377441483,2000010506995592
5335751094,44374949397,2000010500998618
5335652058,44371633181,2000010493383786
5335632562,44373434528,2000010497014206
5335620245,44372971219,2000010496397984
5335552031,44371288922,2000010492164784
5335498467,44371270795,2000010492573032
5335403032,44370253426,2000010489964756
5335118901,44364879706,2000010478312212
5335057982,44365179470,2000010478945366
5334818532,44361405224,2000010470583508
5334761603,44360357607,2000010468769230
5334754909,44344176035,2000010432153384
5334509804,44356678983,2000010460623290
5334462746,44355827013,2000010458797418
5334462394,44340427459,2000010423763606
5334386895,44354384508,2000010455330282
5334177236,44351785000,2000010449375702
5331016860,44300294306,2000010332326126
5334111097,44350549979,2000010447183014
5334108238,44350786820,2000010447251892
5334082877,44350010954,2000010445584730
5333656694,44343553588,2000010430279274
5333620854,44343195630,2000010429475158
5333592759,44330131271,2000010401245252
5333591272,44342740738,2000010428517710
5333531280,44341872238,2000010426489554
5333392276,44339929620,2000010422278804
5333307495,44335736139,2000010413542288
5333289001,44338456387,2000010419619794
5333209425,44337476466,2000010416926726
5333117696,44336070459,2000010414240276
5333114614,44336243582,2000010414171586
5333044735,44335237640,2000010412054558
5332760355,44330810524,2000010402269450
5332759059,44330809994,2000010402273380
5332738764,44330183738,2000010400929884
5332705688,44328778470,2000010398004768
5332656515,44321266327,2000010381497960
5332481285,44325790062,2000010391232618
5332453834,44325879967,2000010391855798
5332347639,44324235701,2000010388243254
5332236293,44322968641,2000010385451062
5332198018,44322379795,2000010384052116
5332134869,44321365554,2000010381294584
5332104057,44321354492,2000010381274290
5327671266,44253657920,2000010225578478
5327326203,44252160308,2000010222177272
5329693637,44283911120,2000010294889260
5321658341,44165991539,2000010025890892
5331931227,44319133544,2000010376446174
5331916998,44316328558,2000010369602206
5331813867,44316226267,2000010369819416
5331792459,44316660775,2000010370879210
5331785371,44309945192,2000010354624734
5331746607,44314610750,2000010365425002
5331681337,44313747754,2000010363390806
5331641976,44313116845,2000010362357994
5331572322,44313148674,2000010361986268
5331516622,44312515691,2000010360977800
5331505429,44312408217,2000010360750738
5331348775,44309614648,2000010353905316
5331418387,44311209804,2000010357493724
5331386677,44310733712,2000010356379892
5331298204,44309577262,2000010353826862
5330917854,44303807165,2000010341219934
5330903373,44301904867,2000010336668806
5330879635,44303283925,2000010340108812
5330871261,44299405651,2000010330794856
5330790420,44293903965,2000010318270988
5330641423,44296768825,2000010324884974
5330505453,44292041221,2000010313780704
5330488131,44297793219,2000010327102688
5330355136,44296299867,2000010323887922
5330309901,44270814832,2000010265328208
5330142085,44293416249,2000010317094916
5330128074,44293356340,2000010316479732
5330116051,44293226981,2000010316641674
5330069048,44292554267,2000010315018140
5329876530,44290126107,2000010309368824
5329755842,44288685591,2000010306083282
5329500496,44283358485,2000010294113570
5329599260,44286228968,2000010300285150
5329554791,44286635016,2000010301119448
5329404137,44284427527,2000010296493970
5329255627,44281298026,2000010289124704
5329242865,44282454431,2000010292142918
5329146952,44281459884,2000010289540448
5329074753,44280539976,2000010287290440
5328996778,44279356543,2000010284954370
5328939937,44274411846,2000010273696264
5328792832,44277265407,2000010280204646
5328143758,44269582267,2000010262775758
5328139099,44269732708,2000010262674512
5328038266,44268503920,2000010259729416
5328019319,44268280452,2000010259217866
5327970464,44266356125,2000010255275000
5327948288,44267307552,2000010256971334
5327843226,44259903397,2000010240357470
5327654735,44263771100,2000010248818736
5327228717,44257101289,2000010234029312
5327181147,44257389006,2000010234229200
5327036710,44253235371,2000010225075384
5327015083,44246483612,2000010209197858
5326935253,44252942877,2000010224433488
5326904162,44253209484,2000010224585476
5326880480,44241353106,2000010197366044
5326855101,44252435527,2000010223258006
5326835653,44251690249,2000010221547498
5326799710,44247383903,2000010211691832
5326775630,44250937876,2000010219462618
5326693775,44242594687,2000010200694298
5326410678,44235733155,2000010184586286
5326402684,44245792627,2000010208108876
5326328070,44244719085,2000010205739140
5326222741,44243122860,2000010201464226
5326104290,44241210230,2000010197034540
5326004375,44239642619,2000010193895856
5325988318,44236745609,2000010187097320
5325824717,44236425085,2000010186305088
5325824228,44236638078,2000010186331862
5325455856,44230896490,2000010172322312
5325423157,44230161843,2000010171067234
5325414517,44230187059,2000010171125496
5325376451,44228390617,2000010166976092
5325363430,44228952305,2000010168295596
5325329118,44228860623,2000010168075086
5325175236,44218254267,2000010144230130
5325019477,44209215725,2000010123839772
5325019351,44209080989,2000010123543272
5324977549,44218995985,2000010146044534
5324944925,44223389931,2000010155721702
5324818032,44204268528,2000010112162520
5324685612,44218986546,2000010145584736
5324635185,44212501082,2000010130844944
5324535535,44166938500,2000010027526538
5324446448,44215982865,2000010139068892
5324390548,44214277876,2000010134818720
5324353622,44214801491,2000010136433984
5324275693,44211543941,2000010129025754
5324260959,44213436409,2000010133441900
5324154218,44211563313,2000010129082782
5323938158,44208645680,2000010122134582
5323861697,44207549884,2000010119780878
5323456946,44201460934,2000010106025848
5323313797,44166173654,2000010025853552
5323242167,44191376053,2000010082477046
5323195830,44196365870,2000010093593660
5323173567,44176279263,2000010049223424
5323168983,44195973275,2000010093134918
5323131657,44193570057,2000010087519068
5323114351,44191309459,2000010082326730
5323056155,44194873474,2000010090080384
5322966230,44192645908,2000010084951664
5322956247,44193207827,2000010086719796
5322928635,44192512767,2000010085107862
5322844462,44191491043,2000010082756048
5322825607,44191327755,2000010082370552
5322801261,44190899953,2000010081415574
5322764095,44190399298,2000010079936308
5322653621,44188960029,2000010077212044
5322644826,44180374433,2000010058202518
5322371043,44140956427,2000009967275956
5322327261,44176604410,2000010049521776
5322271400,44183551128,2000010064912430
5322216301,44179898090,2000010056782646
5322078109,44180246021,2000010057929224
5322055333,44179999120,2000010056975632
5321827190,44177173044,2000010050898894
5321256630,44168353669,2000010031166980
5321225107,44167740723,2000010029769408
5320994968,44162612541,2000010017480468
5320890444,44162304176,2000010016235250
5320281781,44151123195,2000009990154386
5320018045,44146479849,2000009979580208
5319969106,44145148962,2000009976244750
5319933435,44144407579,2000009974954488
5319930423,44145789898,2000009977670922
5319772629,44143310591,2000009972465378
5319707412,44142334363,2000009970344516
5319677639,44142097482,2000009969388310
5319622369,44140216348,2000009965275618
5319565977,44140015823,2000009965270942
5319214010,44133988087,2000009951794686
5319064212,44132271149,2000009948027104
5319063041,44128755435,2000009940002614
5319034413,44128994163,2000009940590982
5318947459,44129076699,2000009940788956
5318674264,44126257491,2000009933944468
5318667888,44126030083,2000009933408836
5318650468,44121111606,2000009922031872
5318617528,44124920525,2000009930846576
5318556487,44123879397,2000009928543028
5318397443,44122529768,2000009925067230
5318367054,44122042550,2000009924046326
5318209918,44119442874,2000009918511098
5317971624,44116802178,2000009912731610
5317971778,44116727102,2000009912575412
5317858312,44115178038,2000009909356626
5317807256,44114067507,2000009907151172
5317674208,44112414196,2000009902954812
5317465616,44109040788,2000009895372266
5317413188,44108603054,2000009894466186
5317325212,44107272076,2000009891606328
5317247306,44106044497,2000009889431734
5317187585,44104744361,2000009885991144
5317028499,44101292870,2000009877535862
5316893297,44100438250,2000009875633936
5316657387,44095672117,2000009864120586
5316656827,44095830270,2000009864034400
5316611896,44087502815,2000009844898692
5316531941,44093775610,2000009859107338
5316301681,44089448399,2000009849328874
5316202651,44088388310,2000009846483930
5316139017,44087274313,2000009844377260
5316136343,44087191387,2000009844195462
5316117615,44085951356,2000009841186084
5316104012,44086877034,2000009843097030
5316033027,44085110389,2000009839775628
5315635384,44003708820,2000009658488174
5316026164,44085888658,2000009841046728
5315696113,43994581531,2000009639300104
5315695761,43994581305,2000009639294546
5315603947,44053680221,2000009770171536
5315565208,44079120872,2000009826405596
5315550581,44078635521,2000009825723708
5315541010,44078535329,2000009825503020
5314780765,44060242329,2000009784477288
5315118214,44056444289,2000009776096774
5315095976,44071875327,2000009810928642
5315006881,44070213967,2000009807314614
5314942130,44044952611,2000009750643978
5314938471,44060445928,2000009784502898
5314873044,44068326184,2000009802586252
5314761236,44066278869,2000009798109226
5314719265,44065609513,2000009796520308
5314690219,44063857027,2000009792453092
5314683051,44064341287,2000009793563088
5314669362,44065036930,2000009794702994
5314662262,44063947981,2000009792661136
5314651776,44064615031,2000009794182882
5314641833,44061822374,2000009787475108
5314550779,44063382746,2000009790944772
5314371190,44058667501,2000009781099740
5314360312,44059792767,2000009783521408
5314295184,44059368485,2000009782593418
5314265578,44059001817,2000009781793384
5314060516,44055953053,2000009775070024
5314039225,44055471965,2000009774070746
5313994059,44054969627,2000009772960402
5313987857,44054583408,2000009771684230
5313933520,44054208058,2000009770865162
5313861086,44052621206,2000009767283864
5313781238,44051635886,2000009765033458
5313749272,44051148660,2000009763970818
5313730809,44050671507,2000009763374548
5313696418,44049096013,2000009759905852
5313609671,44046801505,2000009754701776
5313460846,44046066130,2000009752642342
5313359384,44044387935,2000009749381088
5313157651,44041308226,2000009741957172
5312943664,44038040558,2000009734877568
5312855058,44036075941,2000009730552284
5312739634,44033812287,2000009725071550
5312666219,44030826827,2000009718246998
5312600238,44030449903,2000009717396828
5312372754,44028349727,2000009712956746
5312159988,44025012355,2000009705836202
5312110135,44024487743,2000009704714240
5311901002,44021320797,2000009697826590
5311694006,44018358200,2000009690982042
5311549951,44015278877,2000009684944466
5311405978,44013666175,2000009681253208
5311254796,44011542992,2000009676334686
5311092226,44008378801,2000009669403102
5311004683,44007236333,2000009666699274
5310994825,44007164731,2000009666546514
5310884643,44003314590,2000009657673162
5310819463,44003333974,2000009657715596
5310811137,44004707488,2000009660671266
5310802803,44003081371,2000009657569974
5310708091,44003017349,2000009657452862
5310660680,44002442717,2000009656236986
5310543083,44000583305,2000009652209718
5310398683,43998912526,2000009648229274
5310395128,43998761506,2000009647901752
5307898586,43948966361,2000009538089018
5307872398,43946136783,2000009531942694
5310295918,43997413802,2000009645122218
5310255816,43996620386,2000009643292300
5310200550,43995712537,2000009641664460
5310140594,43994574118,2000009638861424
5310094721,43994135301,2000009638332950
5310067336,43993766038,2000009637123056
5310022183,43989274346,2000009627391878
5309893409,43991041313,2000009631533962
5309809533,43989905124,2000009628743448
5309754387,43988954479,2000009627126716
5309734973,43984517114,2000009617061260
5309730050,43986866973,2000009622507962
5309559047,43985995228,2000009620216444
5309465063,43983871273,2000009616097184
5309386694,43983654984,2000009615312030
5309380478,43983373463,2000009615111954
5309335578,43982278174,2000009612007398
5309254212,43981020875,2000009609425406
5309252317,43972041587,2000009589373086
5309139486,43979383934,2000009605132670
5309107045,43944693780,2000009528351708
5309025502,43977747668,2000009601456950
5308979741,43977080774,2000009599957926
5308964771,43976669423,2000009599456898
5308957144,43976729494,2000009599167774
5308946253,43976429721,2000009598926654
5308917013,43975774540,2000009597122632
5308916573,43976053589,2000009598102196
5308886415,43975658451,2000009597278166
5308799587,43974465097,2000009594729350
5308783180,43974427324,2000009594258858
5308721310,43961722784,2000009566531754
5308679369,43972566024,2000009590142248
5308648089,43944376869,2000009528078278
5308638049,43972046573,2000009589384818
5308580333,43970602652,2000009585910582
5308506158,43970332284,2000009585332302
5308286817,43966925313,2000009578273120
5308267881,43966812436,2000009577651686
5308247437,43966280729,2000009576931020
5308202097,43963032707,2000009569747418
5308198901,43964500473,2000009573216496
5308061688,43963327143,2000009570419400
5308099549,43962042214,2000009567228200
5308088985,43963939370,2000009571401756
5308029451,43962827121,2000009569302090
5307936182,43955129301,2000009552601662
5307880626,43960256300,2000009563417612
5307785676,43959137960,2000009560900342
5307704946,43955052271,2000009552472488
5307674565,43957736766,2000009557713136
5307591774,43956433526,2000009554952180
5307574567,43956111633,2000009554635744
5307571776,43933562510,2000009504094092
5307417480,43952002475,2000009545087274
5307405025,43953291729,2000009548139982
5307368921,43952844924,2000009546612752
5307288715,43951596122,2000009543615164
5307275692,43950949596,2000009542109104
5307269220,43951171610,2000009542615300
5307179087,43949957092,2000009539851034
5307172783,43949628105,2000009539526676
5307121452,43948953567,2000009538060834
5307067875,43948340846,2000009536231550
5306946492,43945891025,2000009531415972
5306717377,43943250897,2000009525645236
5306612163,43939335830,2000009516658566
5306500071,43940085832,2000009518326850
5306375676,43938111061,2000009514446766
5306080080,43932635951,2000009502478814
5305912447,43930568871,2000009497925958
5305842073,43929676094,2000009495478172
5305723584,43907334589,2000009445746146
5305661458,43926756741,2000009489583814
5305580361,43925486844,2000009486146536
5305487741,43923680087,2000009482173392
5305419118,43922436983,2000009479201604
5305194008,43918878512,2000009470682390
5305127794,43917557394,2000009467912430
5305072529,43916419133,2000009465918248
5305060789,43917158541,2000009467436550
5304871136,43910749294,2000009452759514
5304617918,43910321724,2000009451802810
5304580045,43909718990,2000009450514176
5304495230,43905867435,2000009442214022
5304399201,43903888517,2000009437773816
5304223678,43884998110,2000009395271782
5304147749,43900198811,2000009429508180
5304131775,43901063529,2000009431430046
5303844390,43896367904,2000009420341644
5303769726,43894412432,2000009415666570
5303713447,43895171005,2000009417934012
5303655810,43894385976,2000009415603118
5303641012,43893957799,2000009415026384
5303610208,43864481345,2000009349728632
5303462867,43891324549,2000009409092462
5303256470,43887538027,2000009400920744
5303245825,43888108566,2000009401789154
5303167014,43886173423,2000009398065458
5303082174,43885599905,2000009396831398
5303078557,43885790836,2000009396860776
5303052908,43872731424,2000009368302360
5303013322,43885131962,2000009395536874
5302792464,43881294824,2000009387095038
5302774612,43881269743,2000009387411636
5302659959,43879386734,2000009382830974
5302654228,43879299293,2000009383048084
5302529579,43877467337,2000009379067608
5299723266,43813314135,2000009235315352
5298878386,43806014388,2000009218851858
5302311058,43874030991,2000009371469694
5302239714,43853782492,2000009326069118
5302222802,43872473665,2000009368137540
5302100432,43870784863,2000009364211292
5302035635,43869660250,2000009361070578
5301861778,43866284350,2000009353299714
5301713250,43864860647,2000009350530244
5301709007,43864845449,2000009350487200
5301563612,43862879142,2000009345960422
5301521862,43862224512,2000009344442140
5301319838,43859009319,2000009337973628
5301315766,43851253420,2000009320627406
5301309630,43858959191,2000009337892780
5301258160,43858030275,2000009335714926
5301116756,43856053658,2000009331053860
5300887743,43852563180,2000009323458280
5300868402,43852113201,2000009322868866
5300830343,43851020849,2000009320509516
5300724200,43849878145,2000009317962958
5300694414,43849538660,2000009316735544
5300538714,43845540782,2000009307800898
5300530682,43847012553,2000009311533540
5300267248,43842770906,2000009301113428
5300198299,43841617769,2000009298864450
5300150471,43840931519,2000009297320254
5300142199,43841014350,2000009297102836
5300069540,43839909352,2000009294604684
5299998501,43838674798,2000009291893760
5299931995,43837450454,2000009289266864
5299682691,43834286625,2000009282669582
5298351778,43712654971,2000009009691850
5299558993,43831755605,2000009277141780
5299465270,43829542899,2000009272293506
5299412795,43830248465,2000009273872288
5299378399,43829650346,2000009272156170
5299346503,43829143743,2000009271419202
5299071702,43825118040,2000009262130720
5298889405,43822013693,2000009255537828
5298769504,43818789027,2000009248508550
5298763418,43820086002,2000009250946656
5298708824,43819551064,2000009249834714
5298552548,43816640762,2000009242788766
5298500854,43815332704,2000009239603998
5298285972,43811845913,2000009231952588
5298260029,43811376065,2000009230920730
5298238332,43811685678,2000009231195812
5298229137,43811079725,2000009230290866
5298214818,43811146773,2000009230440166
5298121838,43809833635,2000009227576470
5298098070,43809476563,2000009226851932
5297895027,43806184581,2000009219615086
5297597999,43801089412,2000009207987804
5297463282,43796907599,2000009199091136
5297287622,43796575113,2000009198382476
5297268393,43796460136,2000009197784644
5297039228,43780210593,2000009160881528
5297019272,43782765909,2000009166574898
5296985366,43786464250,2000009174439100
5296979641,43791789077,2000009187691090
5296794595,43788490514,2000009179220224
5296758638,43787869528,2000009177736766
5296652177,43785339330,2000009171853788
5296526682,43784085409,2000009169446392
5296429653,43782870637,2000009166798576
5296349880,43781663904,2000009163714090
5296164362,43779028124,2000009157956546
5296080143,43773970114,2000009146819508
5296047252,43776368735,2000009152400048
5295889076,43774647093,2000009148695810
5295882499,43771714596,2000009141809130
5295819830,43773659862,2000009146090214
5295812763,43773496720,2000009145702976
5295719600,43772178674,2000009142826144
5295612241,43767634724,2000009132801762
5295545706,43768349980,2000009134333726
5295322009,43763232603,2000009122973566
5295131351,43762810807,2000009121948924
5295072128,43762119256,2000009119935240
5294996243,43753465808,2000009100986218
5294640265,43756055284,2000009106455008
5294605885,43754775473,2000009104087168
5294498823,43753814989,2000009102023896
5294496093,43749753397,2000009093070048
5294378567,43751865117,2000009097659660
5294071190,43747362466,2000009087394514
5293997898,43746040859,2000009084940836
5293814641,43743285977,2000009078893574
5293729476,43742076329,2000009076261426
5293373320,43693653416,2000008966205626
5293678376,43734652592,2000009058731406
5293671598,43741448568,2000009074520638
5293649422,43741164744,2000009073895664
5293621174,43733045267,2000009055500804
5293277930,43735353938,2000009060244286
5293253689,43735033626,2000009059572192
5292902135,43713651622,2000009011713334
5258292905,43206813140,2000007846442204
5292810860,43728508304,2000009045166112
5292804834,43724135651,2000009035208068
5292699360,43726793825,2000009041838178
5292496469,43723715797,2000009034284688
5292461029,43722815959,2000009032329606
5288633895,43649117434,2000008865675704
5292375745,43721753977,2000009029908672
5292366284,43721321902,2000009028495436
5292145640,43718296460,2000009022037776
5292139285,43716523596,2000009017917504
5292132227,43717885347,2000009021573496
5292128666,43718075315,2000009021952056
5292045307,43716623908,2000009018151424
5292023534,43714361522,2000009013178506
5292002866,43716064377,2000009017259272
5291995216,43715969282,2000009016687062
5291951263,43715500730,2000009015678368
5291859859,43711741130,2000009007024866
5287991772,43618596956,2000008796841272
5291823699,43709641276,2000009001998446
5291769027,43712792380,2000009009595178
5291742528,43712311892,2000009008387918
5291683321,43710876274,2000009004956740
5291388300,43706697515,2000008995670996
5289473036,43649788956,2000008867082474
5291312728,43705960492,2000008993680926
5291130475,43703205230,2000008987548646
5291105137,43702625580,2000008986226018
5291059206,43701771731,2000008984730406
5290933341,43698150698,2000008976289278
5290904906,43698543239,2000008977565550
5290886854,43699594392,2000008979689728
5290716352,43696509715,2000008973070164
5290712819,43675874544,2000008925685186
5290685216,43694181265,2000008967838694
5290504761,43693208428,2000008965190300
5290499230,43685624047,2000008948713886
5290498424,43693195476,2000008965153338
5290498039,43692419520,2000008963455396
5290354201,43687590007,2000008952969204
5290319914,43690170895,2000008958918338
5290252057,43689086282,2000008955952208
5290201643,43688273844,2000008954086102
5290089102,43686469951,2000008950501744
5290049541,43676878894,2000008927875008
5289974135,43684637786,2000008945857722
5289868577,43682775834,2000008941389446
5289847999,43682403018,2000008940486850
5289821372,43681777343,2000008939384152
5289792582,43681111982,2000008937426230
5289541549,43677561201,2000008929743316
5289467558,43676633498,2000008927336838
5289440108,43676254984,2000008926586132
5289322710,43674212763,2000008922191920
5288739484,43665075590,2000008901485626
5288739309,43665076044,2000008901490114
5288730557,43653104769,2000008874711152
5288674797,43664227410,2000008899653006
5288663655,43663847701,2000008899217026
5288638536,43655449973,2000008879976134
5288556552,43662158695,2000008895308136
5288381962,43659794699,2000008890185696
5288283951,43657129602,2000008883493770
5287964226,43653299509,2000008875148522
5287863485,43652148200,2000008872305708
5287761377,43649530915,2000008866869494
5287555315,43647511583,2000008862648246
5287549215,43645379927,2000008857854464
5287507430,43645824592,2000008858462062
5287406916,43645642400,2000008858062584
5287208856,43642512871,2000008851602684
5287185453,43640752077,2000008847711638
5287034259,43638242659,2000008842143194
5286969355,43639141965,2000008844329844
5286801242,43636806664,2000008838566166
5286531443,43632499617,2000008828862608
5286525736,43630561850,2000008823884816
5286521869,43631282153,2000008825927970
5286379806,43620130790,2000008800311580
5284728999,43584956868,2000008719202308
5285253800,43596709869,2000008746687694
5286301202,43628321739,2000008819158902
5286223617,43624117448,2000008809389462
5285670037,43604924538,2000008765000802
5285812385,43610427641,2000008778443402
5285811573,43608724706,2000008774148420
5285811572,43622730310,2000008806316300
5285799043,43622219644,2000008805246678
5285150587,43595575458,2000008743729660
5285739865,43621485299,2000008803833486
5285537032,43616254329,2000008791782386
5285335096,43615666863,2000008790423276
5285261776,43609208837,2000008775785306
5285261525,43609210541,2000008775802344
5285259976,43609005767,2000008775257922
5285090290,43611996537,2000008781984816
5285068824,43611729251,2000008781347904
5284930076,43608434885,2000008773799616
5284742978,43607025186,2000008769996366
5284169361,43595055978,2000008742526406
5284153108,43598675889,2000008751142312
5283904929,43588356806,2000008727139824
5283751972,43592929355,2000008738082760
5283621781,43591391230,2000008734165818
5283588861,43570928094,2000008686360804
5283406358,43587743785,2000008726167164
5283334809,43586658366,2000008723158458
5283129924,43578290056,2000008703294610
5283024205,43581896563,2000008712301318
5282879221,43579332839,2000008706097668
5282785563,43577678323,2000008702264500
5282749525,43576079157,2000008698567546
5282589876,43545820354,2000008627893140
5282398795,43571801244,2000008688376576
5282312744,43571443464,2000008687552484
5282267530,43543118006,2000008621702896
5282237431,43570387160,2000008685133166
5281871901,43564842596,2000008672338112
5281863274,43557889321,2000008656557226
5281825911,43563911502,2000008670184384
5281805502,43563894922,2000008670140658
5281791507,43563510397,2000008669637336
5281717486,43562599698,2000008667174504
5281713173,43562105583,2000008666416998
5281696144,43562089852,2000008666018222
5279875319,43519672094,2000008567887830
5281547375,43559659985,2000008660665062
5281530247,43545728330,2000008627671632
5281514311,43558881909,2000008658868750
5281514030,43557618537,2000008655946410
5281307062,43537291388,2000008608416604
5281300425,43555829673,2000008651594146
5281266593,43555205619,2000008650044248
5281160826,43552583503,2000008643743198
5281119817,43549144536,2000008635457700
5281050609,43551945818,2000008641912202
5280986945,43550732239,2000008639460214
5280876458,43549330783,2000008636260446
5280163483,43527098973,2000008585128966
5280603150,43544496913,2000008625332900
5280546314,43519595758,2000008567729502
5280418499,43542374661,2000008620386956
5280399956,43542669414,2000008620679872
5280344429,43542021506,2000008619218968
5280326240,43541651159,2000008618762108
5280303391,43541324089,2000008618011644
5280231845,43540095175,2000008615181446
5280140099,43538841399,2000008612291854
5280118712,43538379611,2000008611246518
5280039819,43537117677,2000008608388170
5279962859,43535633273,2000008605032342
5279922896,43535918154,2000008605320592
5279814204,43533585128,2000008600015136
5279750060,43533699190,2000008600255864
5279720472,43533347544,2000008599501304
5279675514,43520083148,2000008568819464
5279643734,43531790171,2000008596055048
5279519763,43529905716,2000008591163826
5279429518,43521793425,2000008573086290
5279402369,43528124719,2000008587482248
5279158313,43523078060,2000008575629482
5278969573,43516772973,2000008561681104
5278875220,43516804220,2000008561390122
5278751650,43502064738,2000008527466190
5278748893,43481361232,2000008480085148
5278537654,43515323725,2000008558379508
5278494587,43515242810,2000008557838076
5278494279,43515081543,2000008557838064
5278455392,43514851826,2000008556924646
5278292498,43512260655,2000008551342352
5278287944,43511013558,2000008548109948
5268644687,43360818585,2000008202275268
5268882797,43366288321,2000008214848258
5278125508,43509735616,2000008545259316
5268342331,43352390814,2000008182149950
5268688471,43348887678,2000008174124762
5277840170,43486226464,2000008491574158
5278072019,43508946090,2000008543333962
5277975837,43507809576,2000008540603882
5277783949,43504965882,2000008534031376
5277740767,43504177018,2000008532296470
5265891046,43327369197,2000008124807976
5277666197,43502866815,2000008529607228
5277659183,43503079901,2000008530116018
5277575478,43485172545,2000008489503666
5272408954,43401732085,2000008296066974
5277492404,43501072740,2000008525229912
5277401520,43488728209,2000008497687990
5277200707,43494891015,2000008511689108
5277178519,43496586975,2000008515595392
5276733134,43474933318,2000008465242274
5276821406,43491373405,2000008503716446
5276494968,43486706493,2000008493027300
5276475564,43486510887,2000008492580190
5276465005,43486381667,2000008492275616
5276361145,43461991366,2000008435327720
5276326548,43484522944,2000008487684484
5276314743,43484342953,2000008487633844
5276152399,43481160297,2000008479984658
5276034774,43479596044,2000008475897200
5275992930,43479071733,2000008475055724
5275955456,43478695120,2000008473834906
5275623515,43438215750,2000008380258834
5275662322,43474663930,2000008464640538
5275602988,43471767881,2000008458326494
5275596059,43473618222,2000008462189356
5275541267,43472648249,2000008460332728
5275497123,43470691349,2000008455855602
5275481312,43471783247,2000008458355448
5267476787,43353013863,2000008183934076
5274176233,43442065332,2000008389010562
5275233910,43458999598,2000008428304932
5275373289,43462278679,2000008436333722
5275312867,43468402408,2000008450157740
5275217624,43467883819,2000008449342782
5275091055,43466132394,2000008444970590
5274989883,43464175081,2000008440709524
5274947697,43463715221,2000008439663152
5274893513,43462916885,2000008437799668
5274818035,43461795557,2000008435260496
5274793816,43461593348,2000008434473166
5274793780,43461433335,2000008434484316
5274793753,43461431777,2000008434467278
5274734183,43459679350,2000008429881266
5274730764,43460426810,2000008431597692
5274678525,43459659389,2000008430193968
5274606489,43458645548,2000008427493722
5274579240,43457743394,2000008425460474
5274547548,43457753383,2000008425826258
5274478517,43456976414,2000008423586264
5274456375,43437322103,2000008378560774
5274446663,43455483713,2000008420310780
5274367345,43453339856,2000008414845276
5274340874,43454454301,2000008417831424
5274144011,43451496461,2000008410915560
5273939296,43447803359,2000008402413202
5273918215,43448645298,2000008404021272
5273820431,43443941717,2000008393573456
5273751702,43435168544,2000008373326082
5273576754,43443254347,2000008392011946
5273371146,43436621883,2000008376962818
5273349972,43435627551,2000008374709316
5273302263,43440043544,2000008384369640
5273289372,43439774700,2000008383777280
5273251794,43439264538,2000008382631640
5272908334,43434916840,2000008372788492
5272798060,43422069221,2000008343237272
5272795981,43432960276,2000008367978168
5272715005,43431705260,2000008364970172
5272700867,43431513834,2000008364507334
5272688610,43430413855,2000008362348920
5272593202,43430120074,2000008361322648
5272587006,43429835445,2000008361041498
5272571150,43429830464,2000008360710646
5272548664,43429313496,2000008359486910
5260429849,43238897249,2000007921460828
5272437491,43428116794,2000008356787050
5271985166,43422001912,2000008342720278
5271875241,43419204109,2000008336721758
5271839478,43419894461,2000008338263426
5271754213,43418331527,2000008334768064
5271626800,43416980518,2000008331270762
5271530784,43415668430,2000008328280422
5271444778,43414434350,2000008325492800
5271331927,43412769880,2000008321587998
5271249160,43411504663,2000008319075936
5271018256,43407801271,2000008310202918
5270973705,43407209100,2000008308370780
5270735315,43403441019,2000008299972560
5270468164,43399637917,2000008291191350
5270365941,43397129097,2000008285445736
5270360701,43397554641,2000008286399118
5270278360,43395177418,2000008280442034
5270050196,43393738092,2000008277122606
5269991372,43384285591,2000008255839520
5269525883,43374399041,2000008233313550
5269970284,43371214812,2000008225772994
5269445549,43336510298,2000008145452866
5269699824,43381783793,2000008249960864
5259873254,43224767454,2000007888560664
5269425501,43383490448,2000008253720306
5269255899,43377735970,2000008240416500
5269199264,43379806021,2000008245384584
5269133233,43378269452,2000008241609012
5269111177,43379090598,2000008243424496
5269089885,43378579018,2000008242328270
5269073365,43369799817,2000008222879532
5269030022,43366176385,2000008214588738
5268996817,43355326699,2000008189223926
5268986461,43377664816,2000008240266088
5268972484,43372795127,2000008229724588
5268968152,43377296461,2000008239781882
5268909860,43369255158,2000008221300536
5268850542,43364408012,2000008210210128
5268843786,43371456075,2000008226744474
5268666822,43372770962,2000008229318348
5268653557,43372883455,2000008229918786
5268652674,43372897271,2000008229954510
5268507638,43370615521,2000008224750544
5268393049,43369079990,2000008220896576
5268290606,43367346765,2000008217323534
5268199344,43365913473,2000008213998276
5268084002,43348604023,2000008173830194
5267982745,43347084198,2000008169985592
5267909742,43361390053,2000008203575898
5267875687,43360220289,2000008200910814
5267743557,43359011312,2000008197635454
5267714510,43358479690,2000008196356064
5267689555,43357720431,2000008194870578
5267665538,43357588592,2000008194173840
5267649645,43352858382,2000008183217634
5267555365,43355759702,2000008189865976
5267375390,43352189985,2000008182060412
5267309038,43333400238,2000008138086128
5267203362,43350520198,2000008177892360
5267153288,43349440417,2000008175748302
5267066522,43348433357,2000008173427620
5267064069,43348422378,2000008173061036
5267012489,43347815446,2000008171708220
5266603309,43336148197,2000008144938790
5266595928,43340943405,2000008156139652
5266466447,43338126851,2000008149615346
5266439963,43338372906,2000008149823730
5266347492,43337315441,2000008147829894
5266241177,43335526966,2000008143055168
5266235713,43335409714,2000008142771578
5266179134,43334473568,2000008140536770
5266168932,43334306436,2000008140145222
5266167743,43333737272,2000008138833706
5266025437,43332179360,2000008135327494
5265941394,43330730950,2000008132066658
5265889697,43330222327,2000008131249884
5265719763,43327919006,2000008125706990
5265398856,43323002186,2000008114644226
5265270168,43320646639,2000008109621602
5265211414,43320583928,2000008109157516
5265193923,43316404646,2000008099650144
5265186984,43313364649,2000008092823696
5265083184,43318561114,2000008104587052
5265049722,43317919115,2000008103437806
5264829476,43312573586,2000008090581796
5264686079,43310880225,2000008087053148
5264660451,43311774020,2000008088739362
5264526697,43309947135,2000008084966438
5264470847,43309277935,2000008083429202
5264464003,43291482388,2000008042629024
5264356222,43307377011,2000008079234346
5264315935,43306709260,2000008077319156
5264097775,43304352692,2000008072010168
5264071555,43303842423,2000008071251086
5264005332,43302894596,2000008068673008
5263934473,43301328542,2000008065140656
5263925296,43301796716,2000008066179818
5263910482,43301026099,2000008064798322
5263857471,43300714348,2000008063766110
5263836839,43285073051,2000008028149468
5263772782,43299346033,2000008060968428
5263750058,43277002616,2000008009660114
5263669519,43280527632,2000008017690582
5263579383,43279469094,2000008015202600
5263517207,43295256931,2000008051644508
5263453304,43259654951,2000007969821088
5263366621,43293224933,2000008047086120
5263282458,43290884584,2000008041179672
5263250665,43291374127,2000008042703766
5263031060,43280288415,2000008017470344
5262801249,43284312935,2000008026463932
5262599188,43281535206,2000008019867192
5262574623,43281317230,2000008019386506
5262517865,43279817127,2000008016332512
5262476622,43278380143,2000008013076622
5262282671,43276983454,2000008009614992
5262155650,43269600453,2000007993104686
5262148141,43274888612,2000008004809836
5262112656,43262269617,2000007975782614
5262112165,43274069444,2000008002963948
5262054615,43273012746,2000008000656184
5261959077,43270287775,2000007994665872
5261807279,43269781192,2000007993184800
5259466938,43223037802,2000007884621482
5261798326,43269266096,2000007992058140
5261678994,43267205595,2000007987331628
5261626515,43266511956,2000007985347390
5261500512,43264278035,2000007980400168
5261485909,43264187001,2000007980182840
5261168528,43258371132,2000007966541696
5261124087,43259002944,2000007968010886
5261077509,43258378297,2000007966904952
5260918390,43256140938,2000007961439292
5260848260,43246637539,2000007939906450
5260808841,43254563222,2000007957823890
5260737904,43253010199,2000007954563924
5259946830,43231398930,2000007904232584
5260501721,43249554058,2000007946231124
5260118890,43233897583,2000007910149812
5260345965,43247477396,2000007941465252
5260245086,43241209586,2000007926472050
5260218978,43245298993,2000007936586778
5260161766,43244288063,2000007934120002
5260104051,43243587870,2000007932109092
5260055676,43242971640,2000007930708680
5259920294,43240714414,2000007925335910
5259898026,43221369747,2000007881193868
5259849813,43238740477,2000007921118126
5259821870,43239180017,2000007922106162
5259790038,43216141475,2000007868057924
5259708934,43237621451,2000007918616950
5259675042,43237100073,2000007917400692
5247967320,43047872214,2000007471222910
5259148049,43229476935,2000007900041430
5259115062,43229317399,2000007899673654
5257034059,43195119938,2000007819472722
5259105444,43228559166,2000007897625892
5259091928,43220748703,2000007879824856
5258955746,43224864826,2000007888781248
5258895381,43225934523,2000007891640584
5258814750,43220970470,2000007879981614
5258764479,43173786269,2000007770538768
5258481642,43219116367,2000007876154598
5258479090,43220177095,2000007878557132
5258454792,43219418048,2000007876498582
5258436570,43212386653,2000007859601006
5258398891,43219182530,2000007875996112
5258394331,43218501143,2000007874796500
5258349721,43218259779,2000007874245816
5258271094,43213867348,2000007862661338
5258219312,43215517317,2000007866647784
5258114631,43215037280,2000007865290142
5258041819,43204772946,2000007841499754
5257631659,43206371764,2000007845462152
5257888373,43211345901,2000007857234862
5257847431,43211024685,2000007856498738
5257839044,43210638871,2000007855599228
5257767140,43209934933,2000007854060494
5257615361,43207393891,2000007848083792
5257468714,43205691580,2000007843729980
5257361587,43203672541,2000007839242224
5257273303,43202285027,2000007835996296
5257209939,43201554322,2000007834027750
5257158570,43200030493,2000007830819152
5257134152,43180423116,2000007785413654
5257018252,43198736958,2000007827611424
5256971934,43198297476,2000007826669288
5256842856,43196236303,2000007822279264
5256738067,43194813723,2000007819127732
5256709753,43189837135,2000007807758388
5256687093,43194101054,2000007817135374
5256677954,43194016292,2000007816952306
5256594514,43187954624,2000007803202190
5256567308,43192529668,2000007813569776
5256492590,43191189013,2000007810922954
5256469091,43189111835,2000007806128190
5256183468,43186511357,2000007800138944
5256152524,43186256566,2000007799207328
5256030689,43184638876,2000007795478654
5255890545,43176619232,2000007776671540
5255779493,43180418502,2000007785407992
5255751214,43180015016,2000007784470156
5255735785,43179655533,2000007783966048
5255731430,43179731688,2000007783806976
5255647450,43178433579,2000007781153684
5255549158,43160411397,2000007739631860
5255472799,43176130518,2000007775587270
5255435239,43175522259,2000007774556496
5255429952,43174856615,2000007773004384
5245917189,42935968723,2000007213648396
5255380526,43174655715,2000007772521430
5255348833,43174332622,2000007771452788
5255206566,43166848192,2000007754280356
5255167961,43167858985,2000007757031694
5255064194,43169556236,2000007760539850
5254931978,43168021485,2000007757369978
5254778264,43164700826,2000007749337030
5254775723,43163465850,2000007746399930
5254765558,43165542778,2000007751274414
5254759166,43162544942,2000007744240430
5254755831,43165221104,2000007750530772
5254694646,43163729534,2000007747064230
5254676252,43162499435,2000007744454832
5254668501,43163545568,2000007746595470
5244715062,43012975088,2000007390459100
5254453363,43153940043,2000007724059758
5254448510,43160889430,2000007740381488
5254391264,43159931203,2000007738401042
5253993272,43153568987,2000007723209496
5253913720,43152487481,2000007720758700
5253840374,43151352531,2000007718105656
5253829798,43151359792,2000007717796386
5253613114,43139204510,2000007689685470
5253663757,43148768449,2000007712253290
5253649385,43148665398,2000007711611380
5243919829,43000074114,2000007360219218
5253609272,43147867637,2000007710079262
5253565794,43146958888,2000007707653886
5253503234,43145102270,2000007703401222
5253453950,43145653371,2000007705022572
5253449125,43144142249,2000007701480542
5253447765,43145456063,2000007704595120
5253375377,43126293212,2000007655768970
5253244029,43142331570,2000007697055246
5253243754,43131974699,2000007672999866
5253215110,43141594209,2000007695642640
5253177865,43141486742,2000007695031266
5253176097,43122619793,2000007647633340
5252946425,43138547664,2000007688173560
5252927566,43138180450,2000007687237220
5252910899,43131965462,2000007672673068
5252888125,43137458264,2000007685470380
5252864000,43136679515,2000007683927574
5252853948,43136885356,2000007684088690
5252834346,43136570100,2000007683348810
5252662780,43131449820,2000007671528092
5252643511,43133568771,2000007676647772
5252172567,43126928117,2000007657572550
5252118748,43126033147,2000007655499982
5251782024,43121366432,2000007644452934
5252042759,43122210218,2000007646381992
5251974469,43124128425,2000007651206750
5251937055,43122382410,2000007646790356
5251764110,43120998389,2000007643936880
5251616842,43118896776,2000007638654084
5251554679,43117221405,2000007635076436
5251501364,43112460885,2000007623477416
5251409026,43115875087,2000007631702074
5251393421,43115563205,2000007630922306
5251279471,43113689256,2000007626019608
5251212643,43110747951,2000007619515022
5251008415,43110009750,2000007617518020
5250923831,43108907576,2000007614991826
5250736158,43106272892,2000007608919324
5240771288,42942983425,2000007229475742
5250347540,43100681780,2000007595912136
5250214236,43076342759,2000007538691708
5250192266,43097977002,2000007589442418
5250135903,43097363894,2000007587977386
5249752562,43091431417,2000007574017958
5249744358,43088873774,2000007567773630
5249475822,43087557628,2000007564699354
5249424494,43087135464,2000007563715118
5249395918,43086777640,2000007562898312
5249261514,43084766216,2000007558178654
5249108656,43075960379,2000007537803242
5249042016,43081350229,2000007550500028
5249038549,43081190585,2000007550117084
5248884090,43078977833,2000007545004648
5248854480,43078810846,2000007544329006
5248739354,43076773809,2000007539720248
5248602629,43068032546,2000007518573948
5248554241,43073416450,2000007531325666
5248531997,43073730392,2000007532109204
5248497527,43073088058,2000007530540942
5248319839,43069555200,2000007522146172
5248248034,43068333042,2000007519284770
5248105847,43067008789,2000007516537924
5247970934,43060143496,2000007500222298
5248039362,43065432147,2000007512831738
5248002394,43065592170,2000007512887234
5247971862,43065269816,2000007512134968
5247937316,43064564418,2000007510504058
5247800221,43062654888,2000007506062596
5247650105,43060358185,2000007501001716
5247620742,43039117116,2000007451153222
5247456968,43057543420,2000007494140444
5247450170,43057325825,2000007493941404
5247428189,43054192162,2000007486302222
5247186562,43053476171,2000007484935626
5247135251,43046021095,2000007467296856
5247052417,43051534596,2000007479902186
5247041437,43050878833,2000007478636288
5246955379,43049675888,2000007475425116
5246726423,43046609554,2000007468307048
5246723540,43046088129,2000007467433636
5246694663,43045377572,2000007465560568
5246432517,43036747180,2000007445682414
5246166764,43032663719,2000007436492124
5246342795,43041335268,2000007456207564
5246331722,43041163278,2000007455822016
5246286625,43040482511,2000007454557164
5246283819,43040572866,2000007454460310
5246200714,43033399706,2000007437875376
5246174371,43038933917,2000007451041020
5246166393,43038769979,2000007450696526
5246153496,42995874148,2000007350620728
5246155673,43038715701,2000007450580866
5246072523,43037335981,2000007447343196
5245971947,43035970461,2000007444195252
5245751639,43032700848,2000007436257236
5245716904,43032019841,2000007435010658
5245617665,43026874750,2000007422441382
5245606599,43029384439,2000007428617674
5245546648,43029839940,2000007429375190
5245519770,43029415224,2000007428389148
5245394414,43027553144,2000007423973432
5245360376,43026982117,2000007423008406
5245357555,43019426364,2000007405341140
5233869447,42840412187,2000006990322718
5245337062,43026744418,2000007422101890
5245322056,43025742574,2000007419790994
5245196660,43024346062,2000007416642972
5245194419,43022150311,2000007411912450
5245179875,43021731203,2000007410945282
5233475116,42849159189,2000007010746950
5244996286,43021717153,2000007410918466
5244945800,43021564312,2000007410268410
5244920492,43018857665,2000007404348480
5244890186,43020354428,2000007407528828
5244842219,43019812153,2000007406543654
5244816514,43019693612,2000007405968462
5244803042,43018728407,2000007404048358
5244768614,43018920975,2000007404481358
5244703371,43014990604,2000007395097532
5244578667,43016199141,2000007398222108
5244474746,43014705574,2000007394458508
5244446161,43014415482,2000007393800024
5244437929,43014385296,2000007393726534
5244400212,42990689264,2000007338756002
5244363374,43013404064,2000007391571002
5244252931,43004853431,2000007371521824
5244243427,42986778368,2000007329691534
5244026586,43008384698,2000007379559514
5244014797,43008053861,2000007379090502
5243999820,43007917406,2000007378431028
5243977434,43007326711,2000007377356290
5243904083,43004712889,2000007371224440
5243838939,43005318151,2000007372585076
5243745218,42977432861,2000007308460776
5243733029,43003792293,2000007369035938
5243695336,43003366769,2000007368051834
5243643411,43002683515,2000007366510408
5243629078,43002666728,2000007366164858
5243621281,42987711815,2000007332088390
5229614123,42798259040,2000006891526314
5243238561,42996944797,2000007353374394
5243149520,42996124628,2000007351196818
5243137467,42990064114,2000007337277580
5243131550,42995728051,2000007350590810
5243048093,42994610395,2000007348051032
5243003120,42993372161,2000007345189624
5232063187,42831291042,2000006968822338
5242865409,42991867469,2000007341734346
5242777573,42990906914,2000007339231960
5242746339,42990546304,2000007338462530
5242745274,42976357390,2000007305631960
5242697224,42989605141,2000007336494538
5242688031,42989593198,2000007336154448
5242653791,42984768075,2000007325081596
5242626686,42988549213,2000007334038820
5242610703,42988416993,2000007333734388
5242597968,42988320754,2000007333191010
5242428055,42985806131,2000007327593918
5242302598,42983731391,2000007322625548
5242237880,42982773250,2000007320069570
5242169598,42981948325,2000007318475500
5242145167,42981805640,2000007317853812
5242042891,42980217158,2000007314524090
5242001320,42932656863,2000007206079430
5241964168,42979070201,2000007312216202
5241957297,42979136878,2000007312066368
5241850298,42977765168,2000007308941630
5241831006,42977309311,2000007308163312
5241731279,42953385753,2000007253117302
5241718228,42975759249,2000007304578192
5241700185,42975678306,2000007304084800
5241662326,42954236999,2000007255053258
5230178474,42795538192,2000006885223704
5241367917,42968920671,2000007288668042
5241270477,42969132756,2000007288860192
5241267409,42969159071,2000007289211462
5241158057,42943773111,2000007231226162
5241172216,42967785906,2000007285848536
5241159732,42964464385,2000007278301612
5241136839,42967439646,2000007285064358
5226998186,42748309224,2000006775925366
5241047650,42963540706,2000007275869734
5240950044,42964549878,2000007278201214
5240691852,42961234347,2000007270945190
5240437274,42949746622,2000007244533258
5240386636,42957409668,2000007261983680
5240326276,42956865379,2000007261049444
5240277883,42956323487,2000007259875204
5240244719,42949343865,2000007243954154
5240239564,42956071651,2000007259330818
5240175691,42955129187,2000007257095448
5240150044,42954871593,2000007256494940
5240076469,42954179222,2000007254644032
5239982550,42953104034,2000007252226788
5239916345,42951630063,2000007249095766
5239904493,42951946784,2000007249523980
5239875346,42951024513,2000007247716612
5239848662,42950910352,2000007247170180
5239757726,42939770235,2000007222308660
5239749769,42950042316,2000007245195224
5239709165,42949314457,2000007243892130
5239676555,42929475511,2000007198545920
5239629687,42948650244,2000007242046870
5239611517,42947462780,2000007239241802
5239577967,42947502787,2000007239644052
5239544508,42947573766,2000007239508536
5239436723,42946192753,2000007236597146
5239405562,42939433197,2000007221548250
5239397542,42945479510,2000007234707906
5239297690,42944227641,2000007232213074
5239249717,42944173062,2000007231801814
5239248847,42944031969,2000007231773912
5229131590,42778781137,2000006846925462
5238841307,42939457014,2000007221299460
5238683676,42933791905,2000007208625918
5238633014,42937270739,2000007216682388
5238226792,42931311500,2000007202541708
5238189249,42927167450,2000007192864530
5237893759,42923195811,2000007183793078
5237807670,42925886164,2000007189826234
5237756317,42922832766,2000007182710176
5237593864,42922878725,2000007183073498
5237498199,42920064726,2000007175789110
5237420105,42919690712,2000007174910822
5237414276,42904365871,2000007139461610
5237348701,42918415956,2000007171798010
5237340445,42918086837,2000007171322452
5237232716,42916509163,2000007167566182
5235761271,42884586163,2000007093066932
5236937503,42897537362,2000007123270074
5236822870,42896355848,2000007120503206
5236861861,42910946373,2000007154631604
5236689172,42892586630,2000007111598306
5236679645,42892773353,2000007112331916
5236664760,42908138133,2000007148193788
5236618554,42908107174,2000007147855308
5236605093,42907950934,2000007147528178
5236368231,42902259568,2000007134276736
5236104897,42900519492,2000007130231972
5236100033,42900324061,2000007130082282
5235972528,42895776100,2000007119143814
5235911042,42897401063,2000007123219598
5235847604,42896519577,2000007121163644
5235841218,42896124323,2000007120252882
5235616647,42893283463,2000007113586346
5235544706,42891940056,2000007110048302
5235527173,42891391654,2000007108735892
5235516689,42884743574,2000007093143888
5235476214,42888398053,2000007101963226
5235429269,42889687315,2000007105005440
5235277810,42879834225,2000007082123466
5235138814,42884451274,2000007092482292
5235035435,42875909732,2000007072708646
5234936747,42882480244,2000007087913750
5234899751,42881213861,2000007085282672
5234741835,42879701879,2000007081836398
5234655733,42876875849,2000007075207676
5234386866,42874532078,2000007069485852
5234346007,42872195517,2000007064344660
5234292655,42873131466,2000007066218012
5234207603,42871909460,2000007063405210
5234204288,42871201337,2000007062083016
5234166159,42869996312,2000007058951188
5234137366,42869916865,2000007059038860
5234018481,42869089952,2000007056810728
5233915991,42851970989,2000007017153884
5233872128,42863872402,2000007044417490
5233852143,42866850326,2000007051661994
5233832639,42866615144,2000007051143374
5233832529,42866503821,2000007051153498
5233828981,42866385061,2000007050900486
5233770424,42865499436,2000007048357378
5233704175,42864176389,2000007045426284
5233689468,42863999664,2000007044734314
5233676750,42852228548,2000007017481368
5233668032,42863550377,2000007043947192
5233663441,42863474339,2000007043788140
5233655294,42863244899,2000007043204322
5233611771,42860340751,2000007036389076
5233608523,42862452261,2000007041324658
5233581174,42862145025,2000007040595970
5233557003,42861937612,2000007039843976
5233304381,42858237614,2000007031265358
5233218619,42857269764,2000007029092952
5233133379,42855888927,2000007026124512
5232847341,42851878569,2000007016956584
5232714548,42849942657,2000007012590666
5232631619,42848834464,2000007009715690
5232577852,42847863353,2000007007772468
5232522420,42840964710,2000006991386840
5232512875,42846795373,2000007005340204
5232367194,42844591405,2000007000189600
5232364495,42842366277,2000006995094756
5232344998,42844059985,2000006998974164
5232320727,42797280192,2000006889310478
5232084786,42836041410,2000006979776966
5231839867,42835800755,2000006979473664
5231800601,42835259712,2000006977931448
5231737262,42833106368,2000006972987344
5231701459,42833612250,2000006974141508
5231695337,42833179224,2000006973147860
5231627043,42832649756,2000006971960556
5231536416,42825190467,2000006955299352
5231390635,42819676956,2000006942171854
5231355194,42798799920,2000006892756960
5231260395,42827274401,2000006959989814
5231204663,42826639466,2000006958318092
5231096345,42821270418,2000006946207186
5231005732,42823527817,2000006951503544
5230855274,42809957465,2000006918840062
5230605369,42817657631,2000006937637430
5230909469,42822624562,2000006949219006
5230892078,42822402610,2000006948726276
5230870005,42821946207,2000006947939540
5230850569,42821687052,2000006947108008
5230833469,42821662238,2000006947059268
5230828483,42809547314,2000006917610128
5230826510,42806000992,2000006909375610
5230788422,42821095052,2000006945799926
5220436990,42516765453,2000006232668984
5230649306,42815708919,2000006932773606
5230627629,42817525757,2000006937334374
5230232565,42811457960,2000006922192848
5230167464,42810299983,2000006919635366
5230148374,42810041116,2000006918747594
5230072653,42808891209,2000006916329976
5229987620,42807809641,2000006913844540
5229956097,42807426349,2000006913030016
5229934298,42806387777,2000006910517124
5229896729,42806544266,2000006910624180
5229806591,42805106024,2000006907350298
5229782619,42798688244,2000006892507092
5229781026,42804991442,2000006907086882
5229765399,42798612109,2000006892591044
5229695000,42796337829,2000006887387654
5229692959,42803913618,2000006904681874
5229636175,42802129841,2000006900727574
5229601492,42790852375,2000006874504086
5229541919,42801171414,2000006898231574
5229529528,42783309467,2000006857233882
5229469759,42800283203,2000006896505822
5229445513,42799890049,2000006895532794
5229438921,42799537283,2000006894701104
5229308732,42795587946,2000006885348634
5229276442,42797444069,2000006889913272
5229162456,42793242053,2000006880227146
5229242454,42788085001,2000006868068968
5229192835,42796116004,2000006886578996
5229120465,42794602871,2000006883329502
5229099688,42794744486,2000006883401118
5229085375,42764039315,2000006812425574
5229031000,42757728628,2000006797549166
5228912572,42791680654,2000006876199830
5228767885,42789134290,2000006870208316
5228719654,42782839736,2000006855913774
5228579357,42786319147,2000006864062938
5228456014,42784696213,2000006860447056
5228419448,42784183100,2000006858967256
5228403131,42783960622,2000006858470684
5228235935,42781590296,2000006853081684
5228088602,42779221250,2000006847682100
5227998958,42777947403,2000006845011550
5227982274,42760541448,2000006804086756
5227973251,42777105831,2000006843149646
5227917673,42775261211,2000006838827282
5227823761,42775070115,2000006838400142
5227811095,42774950988,2000006837884264
5227736194,42770701477,2000006828255402
5227558826,42769643872,2000006825534320
5227688349,42773062162,2000006833600822
5217558014,42611538092,2000006455820724
5227643286,42772208610,2000006831499620
5227519866,42770300169,2000006827299756
5227406339,42767697130,2000006820757770
5227400525,42768508135,2000006823030236
5227388181,42768235531,2000006822364020
5227315441,42764899846,2000006814192126
5227275741,42766284225,2000006817678198
5227241736,42765900210,2000006816491202
5227061079,42762443366,2000006808522322
5227011902,42762219054,2000006808020308
5226976558,42761925181,2000006807617444
5226827710,42759550217,2000006802023542
5226809155,42759372104,2000006801354068
5226751614,42758152621,2000006798792790
5226636857,42756849190,2000006795570550
5226592230,42756030525,2000006793997834
5226583653,42756018729,2000006793981060
5226503159,42754902412,2000006791175286
5226501657,42754769869,2000006791129910
5226417188,42753653213,2000006788648636
5226376297,42752080582,2000006784792444
5216991506,42611017423,2000006454827742
5226131621,42748251024,2000006775779584
5226050082,42748598114,2000006776636718
5226026518,42748236528,2000006775760440
5225991265,42745641743,2000006769972948
5225908914,42745927149,2000006770619512
5225864163,42745310569,2000006769222004
5225626833,42742578767,2000006763073428
5225504169,42740015045,2000006757280734
5225533348,42741323579,2000006760201482
5225412055,42739720922,2000006756379794
5225343293,42738667153,2000006751047470
5225297098,42737538760,2000006748257976
5225247189,42723571261,2000006716261542
5225222171,42737333750,2000006747803966
5225101961,42735591448,2000006743874260
5225098536,42735429695,2000006743755038
5225066071,42734556161,2000006741767376
5225041507,42734783418,2000006742023110
5224967386,42733548585,2000006739497804
5224961647,42733580591,2000006739573548
5224918439,42733115630,2000006738294788
5224510052,42722606482,2000006713835380
5224835115,42730868266,2000006733078496
5224827940,42731658834,2000006734902484
5224755256,42703228543,2000006669606484
5224698994,42722690796,2000006714034536
5224695475,42729705796,2000006730416248
5224690601,42722498206,2000006713594746
5224149448,42722074696,2000006712635426
5224649411,42727771652,2000006725727954
5224552504,42722432314,2000006713435660
5224468460,42726103931,2000006722055076
5224463243,42726290873,2000006722485268
5224356717,42724654725,2000006718731304
5224267608,42723524489,2000006716164162
5224220529,42722804941,2000006714554852
5224210248,42722467970,2000006713530154
5224125057,42721716745,2000006712106124
5224065830,42720840889,2000006710094948
5223810864,42717210883,2000006701862262
5223775670,42716838395,2000006701001634
5223750591,42716583451,2000006700421988
5223707413,42715749057,2000006698540486
5223648631,42715181999,2000006697251998
5223559664,42713904596,2000006694078884
5223491380,42712962025,2000006692183902
5223485012,42712779708,2000006691526786
5223402359,42711744361,2000006689431730
5223359223,42711171937,2000006688202488
5223245071,42709109781,2000006683342188
5223170067,42708402488,2000006681450748
5223110336,42706946023,2000006678245580
5223056385,42706525671,2000006677239788
5223024848,42706210762,2000006676216880
5223001603,42705830360,2000006675325264
5222963423,42705202518,2000006673845534
5222939921,42695145913,2000006651172092
5222791436,42702519297,2000006667911684
5222784361,42702648438,2000006667962820
5222701953,42701621658,2000006665642162
5222658874,42701091320,2000006664446578
5222553184,42699532773,2000006661178180
5222553069,42699538881,2000006661181434
5222448022,42698073318,2000006657585678
5222415007,42697745960,2000006656894402
5222366184,42696912421,2000006655159410
5222355517,42696783555,2000006654859500
5222121277,42692620439,2000006645458580
5222019133,42692085324,2000006643983244
5221899317,42690452634,2000006640303612
5221865255,42688996079,2000006637141446
5221796249,42688770661,2000006636632730
5221688223,42687400420,2000006633223610
5221647334,42686785875,2000006632099904
5221575534,42685510872,2000006628658188
5221518477,42684458056,2000006626152452
5221512679,42681869265,2000006620361384
5221511636,42679740087,2000006615492420
5221404086,42682599228,2000006621773708
5221301205,42679071230,2000006613709188
5221237222,42680180924,2000006616237496
5221222978,42679877927,2000006615810378
5221006569,42676759435,2000006608692454
5220942292,42675781577,2000006606450794
5220913278,42675290659,2000006605335850
5220904163,42674629533,2000006603804690
5220740071,42672748799,2000006599445394
5220736941,42672712269,2000006599366692
5220708419,42672285535,2000006598400226
5220666035,42671734648,2000006596909112
5220664847,42671733788,2000006596914322
5220491280,42668751438,2000006590030236
5220490546,42662934002,2000006576234010
5220478061,42664643278,2000006580461148
5220430083,42664498263,2000006580390346
5220374797,42666479392,2000006584713612
5220356698,42666692501,2000006585465368
5220343370,42666434529,2000006584872350
5220302280,42665398391,2000006582454438
5220297451,42665542679,2000006582794880
5220148642,42663614921,2000006578175558
5210862491,42413284435,2000005986038788
5219538875,42654579969,2000006557109714
5219408995,42652701668,2000006552557442
5219386778,42651743991,2000006550632352
5219378757,42652271639,2000006551844252
5219281939,42650916033,2000006548723382
5219263470,42650789148,2000006548233776
5219220618,42649910527,2000006546444246
5219217371,42649886296,2000006546131412
5219083297,42648172920,2000006542236992
5219000652,42646827396,2000006539141028
5218924155,42645098758,2000006535174816
5218915738,42644726154,2000006534331776
5218843978,42609169034,2000006450189714
5218868724,42638815120,2000006520505536
5218863746,42641896963,2000006527838424
5218796248,42643482801,2000006531629556
5218776566,42643603544,2000006531659806
5218729945,42643011398,2000006530232166
5218609323,42640864615,2000006525422804
5218547906,42640132057,2000006523751910
5218507533,42639529345,2000006522362746
5218440516,42637733727,2000006518329008
5218404823,42638213247,2000006519425092
5218310875,42636628292,2000006515620412
5218293386,42636789108,2000006515983040
5218143796,42634681278,2000006511204066
5217977669,42627262782,2000006494327584
5217938435,42631305391,2000006503805042
5217938016,42631725861,2000006504764960
5217891939,42631160130,2000006503245192
5217734590,42628660145,2000006497733638
5217718818,42628416255,2000006497183670
5217718644,42628415749,2000006497181698
5217692336,42625870724,2000006491057138
5217658192,42627736496,2000006495431566
5217626923,42624759482,2000006488496316
5208523640,42492929481,2000006175812216
5217622796,42625907678,2000006491154370
5217621131,42627112607,2000006494228494
5217612849,42627003402,2000006493686000
5217404863,42624283668,2000006487431416
5217400648,42621094549,2000006479917020
5217327860,42622823832,2000006483801176
5217313974,42622397008,2000006482775444
5217305636,42622535030,2000006483108698
5217292169,42622116213,2000006482376842
5217291130,42622158743,2000006482475220
5217266003,42620891152,2000006479202556
5217228929,42620062762,2000006477323458
5217062522,42618941947,2000006474940914
5216932561,42616145512,2000006468229540
5216889704,42616758570,2000006469643444
5216884918,42616391260,2000006468788968
5216813517,42615685071,2000006467416460
5216807120,42615695480,2000006467187702
5216758164,42614957859,2000006465731790
5216726455,42614626006,2000006464741158
5216663441,42613230358,2000006459761656
5216534903,42611892146,2000006456627678
5216354076,42609371440,2000006450678292
5216329625,42608940339,2000006449914144
5216313339,42608804478,2000006449335552
5216212148,42607070149,2000006445573712
5216194965,42606971931,2000006445347518
5216072201,42602768634,2000006435225548
5216019381,42604063460,2000006438348584
5215836225,42601490523,2000006432460906
5215831411,42600252319,2000006429549500
5215741344,42600145851,2000006429318324
5215691663,42599524502,2000006427571720
5215667155,42599179158,2000006426765582
5215632244,42598474555,2000006425361626
5215591595,42598166948,2000006424404536
5215578334,42593188470,2000006412677216
5215455469,42596160806,2000006419673028
5215353373,42594651943,2000006416360616
5215316032,42594128950,2000006414901044
5215242241,42554761778,2000006322769992
5215241936,42590670094,2000006406748656
5215149506,42591694659,2000006409444534
5215117576,42591405276,2000006408499900
5215038209,42590205442,2000006405659808
5215037347,42590130558,2000006405500262
5215024116,42589967420,2000006405103620
5215008358,42589704679,2000006404748060
5214966902,42589233258,2000006403384682
5214780672,42586408849,2000006396916016
5214769611,42585107861,2000006393915566
5214326774,42566351155,2000006349773946
5214758237,42586066979,2000006396093362
5214574538,42583228072,2000006389034432
5214511005,42582090302,2000006386316642
5214461225,42581262261,2000006384648176
5214457606,42581301600,2000006384496298
5214282826,42578781504,2000006378667458
5214276109,42578567873,2000006378403918
5214179000,42577207159,2000006375115566
5214177898,42577286252,2000006375059432
5214105324,42569346358,2000006356449002
5214102570,42576203898,2000006372490234
5213799506,42572008560,2000006362556514
5213779265,42571629913,2000006361957180
5213770322,42571566636,2000006361526896
5213748719,42571191662,2000006360660216
5213738451,42570995294,2000006360203396
5213714185,42570348121,2000006358973912
5213631263,42569087441,2000006356108636
5213601909,42569039767,2000006355987972
5213468452,42567016762,2000006351086014
5213414660,42566308034,2000006349439436
5213214703,42563411742,2000006342575090
5213119067,42561889422,2000006339030954
5213074392,42557522882,2000006329227278
5212804641,42556683482,2000006327330640
5212439754,42551166731,2000006314572074
5212410404,42552361008,2000006317139568
5212406876,42552191763,2000006316967750
5212342943,42551300069,2000006314869494
5212218680,42549761606,2000006311053056
5212087016,42547742145,2000006306445344
5211929412,42537240747,2000006281441984
5211787876,42540458229,2000006289058716
5211713900,42539769113,2000006287478200
5211681219,42542003072,2000006292443424
5211677545,42524265611,2000006250075110
5211666427,42541420055,2000006291301644
5211623050,42541279830,2000006290727080
5211442649,42538885413,2000006285332264
5211436285,42538890472,2000006285091218
5211279295,42536803239,2000006280440862
5211276891,42536468456,2000006279410572
5211240374,42536359770,2000006279117566
5211231504,42536106889,2000006278731926
5211101933,42534083162,2000006273713252
5211101760,42534417218,2000006274504482
5210995711,42532913670,2000006271031502
5210987797,42532163358,2000006269285114
5210941873,42531838347,2000006268780630
5210758095,42529256263,2000006262740082
5210747579,42528763343,2000006261549204
5210647651,42527766748,2000006258986602
5210646137,42527497494,2000006258351300
5210464648,42525012013,2000006251851530
5210359001,42523125188,2000006247106002
5210356327,42523386888,2000006247724654
5210264266,42522137320,2000006244821394
5210250924,42521972382,2000006244472942
5210238715,42521781292,2000006244020788
5209893275,42516982594,2000006232916888
5209708578,42514269153,2000006226752654
5209698127,42514191120,2000006226328540
5209552187,42510457577,2000006217711530
5209526626,42509704190,2000006215681584
5209382222,42509598557,2000006215704950
5209379257,42509613361,2000006215729908
5209112848,42505802116,2000006206453652
5208978676,42503726110,2000006201398956
5208760586,42486800044,2000006160976028
5208566428,42497745546,2000006187121500
5208536615,42497263380,2000006185910108
5208510265,42496408669,2000006184107746
5208464931,42495435983,2000006181806272
5208244162,42464533905,2000006108029598
5208246285,42493044475,2000006176078756
5208043600,42490016491,2000006168839394
5208036542,42490000854,2000006168584694
5207947751,42486993373,2000006161654220
5207820817,42486713148,2000006160753856
5207795350,42486234477,2000006159863380
5207664560,42484500411,2000006155833652
5207647674,42478835961,2000006142033090
5207197871,42477813609,2000006139638602
5207062704,42476009085,2000006135255448
5207046510,42475875836,2000006134734622
5206967958,42474884340,2000006132441794
5206725644,42471350292,2000006123990350
5206686082,42470832901,2000006122978882
5206670802,42470637705,2000006122526250
5206670687,42470735894,2000006122533094
5206554451,42469125027,2000006118978832
5206484616,42467859157,2000006115917518
5206309631,42462654369,2000006103477446
5206302667,42465652166,2000006110587708
5206223470,42464444739,2000006107821340
5206157434,42463441288,2000006105201792
5206134092,42463050924,2000006104203956
5205931856,42460188003,2000006097615146
5205861375,42459596132,2000006096009162
5205520618,42454093792,2000006083056488
5205514657,42455058334,2000006085314076
5205309880,42452009802,2000006078128578
5205114141,42449501314,2000006072266442
5204515001,42429720066,2000006025071888
5204389349,42439593075,2000006048690236
5204104017,42432057417,2000006030739974
5204061201,42434053547,2000006035507830
5203971199,42415573072,2000005991308612
5203933798,42433369657,2000006033907190
5203749012,42420523492,2000006003013890
5203666151,42415584312,2000005991331522
5203568657,42428501644,2000006022130364
5203470657,42413079152,2000005985366592
5203366570,42425889192,2000006016044872
5203363301,42425660476,2000006015473886
5203324813,42425145895,2000006014377618
5203204937,42423106804,2000006009223982
5203096047,42420262635,2000006002601482
5202858210,42417713945,2000005996544098
5202747759,42416771546,2000005994130480
5202716102,42416163384,2000005992679544
5202698224,42416048612,2000005992426018
5202689842,42415888367,2000005992229892
5202237524,42391509439,2000005934261484
5202332476,42387046236,2000005923649834
5201198590,42389983088,2000005930546266
5202262252,42389016282,2000005928208552
5202235224,42408956789,2000005975808892
5202132937,42407859317,2000005973156158
5202013748,42406071599,2000005968934800
5201865127,42400941983,2000005956599930
5201504632,42398588188,2000005950820250
5201487172,42398365731,2000005950489024
5200967005,42391505133,2000005934256576
5200806555,42389448574,2000005929264408
5200704461,42388033940,2000005925926190
5200700791,42387691175,2000005925304406
5200627580,42387039153,2000005923816056
5200476424,42384817018,2000005918334206
5200342085,42383041602,2000005914117580
5200288202,42382345718,2000005912415802
5200278258,42382158853,2000005912159528
5200026997,42379201885,2000005905297366
5200004147,42378799020,2000005904183890
5199956087,42378438800,2000005903354974
5199895475,42372702436,2000005889925164
5199808312,42376442027,2000005898844768
5199718245,42375419200,2000005896292370
5199660571,42362283488,2000005865562394
5199639611,42374143059,2000005893464646
5199555523,42372811130,2000005890171776
5199157332,42367361416,2000005877462078
5199155065,42367456509,2000005877862528
5199118565,42366989651,2000005876763542
5199057629,42366236776,2000005874787064
5199055328,42366205258,2000005874711126
5199050014,42356178992,2000005851244770
5199044372,42364237262,2000005870071802
5198995914,42365428440,2000005872898220
5198949730,42355029729,2000005848706850
5198942358,42354521172,2000005847361320
5198929405,42364554590,2000005870825474
5198772514,42359830833,2000005859951586
5198750273,42361491828,2000005863638332
5198642462,42360898295,2000005862442362
5198484870,42332410171,2000005795431272
5198395792,42357033768,2000005853224408
5198213674,42355162350,2000005848848586
5197730848,42348726156,2000005833845490
5197723822,42347789123,2000005831761328
5197676295,42347771574,2000005831558564
5197575073,42345888359,2000005827234336
5197304109,42342802104,2000005819842074
5197297826,42342549607,2000005819411328
5197277110,42332484444,2000005795434008
5197159890,42340454006,2000005814279094
5197063203,42339601198,2000005812263178
5196989932,42336518979,2000005805159678
5196983894,42338429235,2000005809611702
5196908227,42331023749,2000005792031428
5196900296,42336976680,2000005806057774
5196738531,42334970539,2000005801387192
5196663883,42333859278,2000005798624570
5196630635,42333541048,2000005797878828
5196443714,42329680467,2000005788883418
5196415378,42329775467,2000005789103580
5196351592,42329600868,2000005788547894
5196213117,42327113635,2000005782680056
5195875568,42319231070,2000005763523188
5195869992,42322366186,2000005771039346
5195843878,42321229159,2000005768471878
5195800162,42321586268,2000005769226500
5195619722,42318970637,2000005763055374
5195587152,42318564739,2000005762112382
5186433304,42190974753,2000005460044720
5195505698,42316316147,2000005756666472
5195343557,42313983232,2000005750880414
5185875867,42168167519,2000005406308114
5194984186,42309309445,2000005739837648
5194774314,42306521389,2000005733151634
5194700544,42305401505,2000005730453026
5194596470,42304084721,2000005727305340
5194460927,42302418699,2000005723414738
5194327929,42300752498,2000005719326978
5194313631,42300599740,2000005718957562
5194260388,42299934518,2000005717432448
5193973090,42296288382,2000005708854568
5193752345,42292339389,2000005699744336
5193668315,42292370252,2000005699674636
5193650114,42291706147,2000005698267114
5193487641,42289788840,2000005693582128
5193408732,42288524105,2000005690673528
5193335315,42287279470,2000005687586574
5193151669,42285218216,2000005682543192
5193091935,42284393176,2000005680706864
5192699794,42279626256,2000005669635698
5192616131,42277094254,2000005663683056
5192590429,42277710968,2000005665111312
5192338375,42265477374,2000005636351672
5192310972,42274162334,2000005656805104
5192277534,42273985683,2000005656523574
5192271490,42273769815,2000005656034592
5192258801,42273755563,2000005655997280
5191684919,42266165039,2000005638110278
5191671083,42266009472,2000005637635298
5191167268,42259434981,2000005622400462
5191482801,42263501434,2000005631739912
5191470097,42256781628,2000005616019692
5191405312,42262764176,2000005630076936
5191351175,42261889185,2000005628061886
5191350884,42261821911,2000005627907140
5190996574,42256960123,2000005616544272
5190583349,42250624034,2000005601390858
5190518214,42249497351,2000005598757226
5190515312,42249474756,2000005598622350
5190278545,42246215745,2000005590971364
5190112244,42244067923,2000005585908318
5190027685,42242857712,2000005582981144
5190016070,42228074219,2000005547825502
5189997545,42242553061,2000005582355548
5189839264,42240240313,2000005576859644
5189799959,42235431865,2000005565425746
5189793876,42239629315,2000005575440504
5189779160,42239515137,2000005575175822
5189769249,42239496691,2000005575142674
5189758701,42239374897,2000005574853912
5189753022,42239339580,2000005574710754
5189742079,42239072880,2000005574014752
5181491791,42116040655,2000005283614444
5189675750,42222790350,2000005535352940
5189440699,42234805263,2000005563934210
5189299476,42232420665,2000005558176070
5179757493,42094061718,2000005232066732
5189099520,42229652317,2000005551507384
5189046246,42229108774,2000005550157984
5188774412,42225727882,2000005542229512
5188668012,42224326674,2000005538916946
5188281107,42218759079,2000005525814704
5188225429,42218205039,2000005524517376
5188002245,42215020363,2000005516927704
5187424475,42207506500,2000005499012370
5187393319,42207141244,2000005498161084
5187373826,42202976551,2000005488472714
5187367725,42206804344,2000005497367566
5187364618,42206734106,2000005497205046
5187353002,42206428451,2000005496519632
5187120813,42191392301,2000005461009736
5186869479,42198017972,2000005476734628
5186832051,42195367249,2000005470428798
5186642409,42196289154,2000005472561624
5186603005,42195765712,2000005471324586
5186502050,42194395297,2000005468087462
5186385797,42192950104,2000005464693896
5186310568,42191941311,2000005462306776
5186010842,42187891169,2000005452802126
5185919541,42186856149,2000005450421152
5185727854,42184178138,2000005444083092
5185695529,42183709990,2000005442979474
5185607169,42182458302,2000005440005966
5185290824,42177911537,2000005429233380
5185051414,42174367253,2000005420782522
5184974091,42172514130,2000005416409320
5184918610,42171962519,2000005415178078
5176287712,42030031515,2000005079942844
5184714223,42170031058,2000005410617062
5184588191,42168373310,2000005406749810
5184248923,42162945023,2000005393916830
5184208515,42162721877,2000005393385196
5183926725,42158399633,2000005383119626
5175316866,42030698141,2000005081500776
5183834319,42157598311,2000005381170902
5183623770,42143246130,2000005347296078
5181707747,42124621304,2000005303658150
5183240261,42149804426,2000005362831580
5183156149,42148631006,2000005360097270
5182596296,42141128955,2000005342349612
5182429292,42137791827,2000005334562922
5182411635,42138888482,2000005337160548
5182174857,42135834479,2000005330007204
5182053400,42134178286,2000005326137698
5182053307,42134178302,2000005326142374
5182053018,42134169565,2000005326144306
5181953963,42132973433,2000005323355804
5181953905,42132980998,2000005323363124
5181913972,42132343610,2000005321838524
5181896053,42131947017,2000005320935484
5181815742,42130893530,2000005318489348
5181806819,42127209485,2000005309727648
5181781414,42130687522,2000005318022866
5181760874,42130439228,2000005317472302
5181671539,42128855363,2000005313647584
5181606014,42127746951,2000005310997848
5181491509,42126386421,2000005307835508
5181414827,42110763145,2000005271220752
5181391036,42125198474,2000005304998308
5181323480,42124413372,2000005303169586
5181304955,42124183650,2000005302645866
5181253052,42123517255,2000005301057762
5181228079,42123109385,2000005300126308
5181171823,42122495553,2000005298702354
5180999999,42120213036,2000005293304464
5180993238,42120007123,2000005292847302
5180938061,42119345201,2000005291306298
5180867716,42118529129,2000005289419674
5180816379,42112417610,2000005275153422
5180761912,42117012906,2000005285854728
5180717088,42116484813,2000005284650246
5180604517,42115090003,2000005281458386
5180586396,42113841564,2000005278443874
5180562913,42114384998,2000005279710602
5180544662,42112746031,2000005275913482
5180482625,42112650621,2000005275683892
5180330586,42111182276,2000005272212780
5180318367,42105970505,2000005259885582
5180265096,42108391877,2000005265569474
5180242549,42109747085,2000005268822604
5180199943,42109073982,2000005267173116
5180128216,42108107094,2000005264906348
5174354972,42023627731,2000005065021162
5169859637,41962165577,2000004921558504
5169327061,41955470178,2000004906119800
5179355234,42096378811,2000005237521132
5179986353,42106321168,2000005260697858
5179934449,42105316912,2000005258395192
5179904121,42105339541,2000005258447982
5179766429,42101196910,2000005248726326
5179722499,42102868012,2000005252638708
5179717938,42102253440,2000005251220562
5179687862,42100661964,2000005247467062
5179687378,42099602850,2000005245032620
5179676335,42102459359,2000005251718536
5179664816,42102269720,2000005251264870
5179643384,42101979280,2000005250542018
5179540869,42100609625,2000005247347836
5179520100,42100301106,2000005246628550
5179496735,42100068607,2000005246098652
5179457356,42099395489,2000005244561994
5179371745,42098199578,2000005241717016
5179338695,42095764752,2000005236017572
5174350245,42027208320,2000005073365494
5177036543,42054788546,2000005137843292
5177332433,42064491191,2000005161006510
5179301465,42097246170,2000005239499978
5179300575,42095527679,2000005235469312
5179285218,42097018832,2000005238985076
5179279427,42094047028,2000005232036262
5179271231,42096665756,2000005238167900
5179224580,42096208778,2000005237146776
5170262758,41974595374,2000004950501512
5169228240,41948064330,2000004888801552
5179192735,42084788404,2000005210153418
5179143351,42094718762,2000005233591464
5174139007,42021194110,2000005059256368
5174120076,42021303703,2000005059512348
5174244615,42021539645,2000005060069166
5174536509,42023242849,2000005064145820
5174254842,42023962651,2000005065782922
5174787481,42024865256,2000005067889652
5174523097,42025989117,2000005070583328
5179116786,42094508661,2000005233101862
5178858223,42061297524,2000005153427560
5178997093,42092923505,2000005229448066
5178985337,42092687268,2000005228854116
5178920345,42091485316,2000005225951618
5178909431,42091271024,2000005225445936
5178909341,42091014404,2000005224851642
5178855801,42090383162,2000005223309880
5178828765,42089982521,2000005222367188
5178773889,42088847421,2000005219726228
5178611704,42086824378,2000005214933964
5178564221,42086246548,2000005213599686
5178561311,42086491083,2000005214181796
5178546416,42077018491,2000005190576936
5178441582,42084502727,2000005209477686
5178273816,42082546511,2000005203602774
5178264046,42077887111,2000005192676804
5177958199,42062163749,2000005155500254
5177925420,42077853494,2000005192599714
5177908252,42077664798,2000005192185262
5177888817,42077334786,2000005191337966
5177853490,42076726633,2000005189900364
5177827602,42076446556,2000005189252024
5177536562,42072141235,2000005179006952
5177531368,42072125021,2000005178978072
5177472343,42071312648,2000005177058144
5177278380,42068957108,2000005171490584
5177250484,42064707528,2000005161515620
5177207331,42055745822,2000005140108216
5177202338,42067976905,2000005169153508
5177178322,42048521917,2000005123231692
5177120437,42066930067,2000005166720558
5177083988,42066549475,2000005165844268
5176732806,42060232743,2000005150852018
5176732695,42062103024,2000005155356014
5176129730,42053788109,2000005135526290
5176544319,42040715036,2000005105037690
5176401059,42057141805,2000005143477644
5176342457,42056289772,2000005141395094
5176301715,42055779543,2000005140181584
5167822013,41917992010,2000004819097674
5176115368,42053616453,2000005135135062
5176074488,42036457407,2000005094932858
5175936840,42051136565,2000005129345242
5175860701,42050588346,2000005128119574
5167165054,41789386503,2000004518171572
5175779752,42049440307,2000005125367058
5175764641,42049092156,2000005124553282
5175704862,42048351575,2000005122852440
5175640205,42034035909,2000005089290044
5175355914,42042489951,2000005109246396
5175288510,42043153830,2000005110786802
5175281844,42043065858,2000005110584750
5175062112,42039762739,2000005102786334
5174950211,42038124727,2000005098854824
5174874108,42037151264,2000005096548396
5174863865,42021365609,2000005059658142
5174791996,42034178116,2000005089609850
5174710102,42034665929,2000005090747644
5174682439,42022648879,2000005062722510
5174559193,42032874758,2000005086593868
5174450965,42028744713,2000005076936344
5174399024,42020257987,2000005057017342
5174268573,42023410744,2000005064516858
5174133728,42027445712,2000005073924114
5174069852,42019239354,2000005054629664
5174066161,42026534276,2000005071814998
5174059989,42026451711,2000005071636022
5174045167,42025001905,2000005068209092
5163667600,41734447964,2000004389907674
5164702048,41901394566,2000004780816874
5165301839,41872896092,2000004713911092
5174001143,42010086271,2000005033223524
5173831897,42018030355,2000005051781378
5173831246,42006304894,2000005024459372
5173443605,42007358631,2000005026907840
5173365255,42015135419,2000005045031378
5173315259,42015870983,2000005046738206
5173207283,42006131039,2000005024055836
5173151298,42005059648,2000005021599882
5173025857,42011561467,2000005036683248
5172934052,42001540551,2000005013206912
5172927247,41995955701,2000005000250462
5172853879,42009531696,2000005031943618
5172843455,42009380848,2000005031606128
5172791854,42008675189,2000005029973916
5172325427,42001896875,2000005014046906
5172319168,41995643783,2000004999461954
5172255142,42000147262,2000005009932666
5172253302,41994079036,2000004995833140
5172190160,42000105877,2000005009835678
5172186036,42000040807,2000005009684546
5172180111,41999610727,2000005008683676
5162829979,41867767923,2000004701808904
5171827828,41995646632,2000004999472906
5171806363,41995321374,2000004998716270
5171681625,41971590881,2000004943563210
5171675569,41993704895,2000004994966684
5171668051,41993594903,2000004994716658
5171636406,41992294290,2000004991653662
5171462770,41990875716,2000004988399106
5171439417,41989898420,2000004986085856
5171430986,41990499863,2000004987562264
5171372704,41989592463,2000004985380332
5171358570,41989367761,2000004984862692
5171353798,41989283036,2000004984666576
5171322205,41982123915,2000004967931318
5171269361,41988275818,2000004982347256
5171258438,41980332629,2000004963776942
5171239123,41983727109,2000004971682844
5171109776,41985815830,2000004976565434
5170859034,41976485797,2000004954887224
5170812888,41981686016,2000004966930474
5170636828,41979782271,2000004962515130
5170627936,41974824519,2000004951027080
5170568913,41978939623,2000004960578010
5160935970,41845637733,2000004649894804
5170487784,41977947215,2000004958246940
5170417612,41972684895,2000004946164000
5170348379,41970496523,2000004941050868
5170275316,41974474376,2000004950222802
5170230904,41974596627,2000004950501514
5170228296,41962432772,2000004922161938
5170228029,41959483276,2000004915364966
5170136648,41971803971,2000004944045496
5170102908,41972898199,2000004946633558
5169819779,41969193503,2000004937987564
5169753732,41968030236,2000004935225868
5169726888,41966275852,2000004931090570
5169637180,41958022442,2000004912037376
5158555799,41783984668,2000004505632572
5169564369,41964866731,2000004927793708
5169459680,41964188545,2000004926227858
5169285123,41962086247,2000004921380264
5169201291,41959854646,2000004916220628
5169200737,41961081556,2000004919077768
5168811737,41955876023,2000004907060436
5159378168,41828424083,2000004609899636
5168448096,41951404555,2000004896760852
5168322708,41949300518,2000004891750672
5168283458,41939216764,2000004868294912
5168140201,41946630925,2000004885463644
5168091370,41946233276,2000004884543658
5167969478,41944697998,2000004881070334
5158729258,41812305233,2000004571978640
5167783848,41940997815,2000004872427316
5167608829,41940262972,2000004870714464
5167603435,41939760394,2000004869547854
5167501013,41937495194,2000004864265288
5158164250,41806471412,2000004558160576
5167459376,41938297943,2000004866133766
5167290836,41931224954,2000004849617530
5167288314,41936116000,2000004861073976
5167273433,41935832954,2000004860444500
5167142874,41934034731,2000004856163186
5167110740,41933583586,2000004855119340
5167091352,41918637076,2000004820553270
5167040229,41932725059,2000004853171980
5167007017,41932062309,2000004851570834
5166989842,41931966622,2000004851346818
5166966122,41931562350,2000004850402120
5166882197,41930449136,2000004847811282
5157256415,41789504211,2000004518443572
5166684795,41922205582,2000004828767798
5166548130,41926345438,2000004838372370
5166518078,41926664786,2000004839090032
5166322477,41924680865,2000004834488548
5166290703,41924070469,2000004833091194
5166260892,41923358057,2000004831487592
5166260739,41922619494,2000004829714532
5166000854,41920946268,2000004825891116
5165731227,41904841728,2000004788888634
5165693370,41917693003,2000004818441440
5165684573,41915155859,2000004812651096
5165464223,41915157515,2000004812655036
5165354327,41913986933,2000004809995310
5165227329,41906947045,2000004793824052
5165073987,41908740747,2000004797969778
5165073317,41911601807,2000004804573628
5164981169,41908740681,2000004797970700
5164954126,41910464140,2000004801978940
5164909342,41897332965,2000004771287160
5164884253,41909820487,2000004800533350
5155356609,41758500554,2000004445727230
5164827436,41905755887,2000004791009452
5164763294,41907687844,2000004795531584
5164748819,41908075154,2000004796429732
5164747011,41889612587,2000004753083550
5164601375,41903867591,2000004786524654
5164570768,41890572026,2000004755305338
5164446437,41904781290,2000004788749580
5164364396,41903622883,2000004786039864
5164303609,41877338687,2000004724370252
5164292268,41889051302,2000004751709168
5155076455,41772034625,2000004477533912
5154717723,41771224653,2000004475655504
5154026503,41757711056,2000004443851958
5164079006,41899721868,2000004776933644
5164056656,41891668703,2000004757854784
5163691636,41853609772,2000004668625158
5163982703,41895446190,2000004766778800
5163973673,41871577268,2000004710759126
5163969688,41894703695,2000004765011956
5163966988,41895789134,2000004767656568
5163907103,41896978872,2000004770438696
5163843132,41896230404,2000004768667082
5163894204,41897159781,2000004770872630
5163787558,41895284807,2000004766386924
5163721993,41894235365,2000004763911068
5163634473,41893103294,2000004761274990
5163484566,41878927914,2000004728152678
5163412502,41890192777,2000004754427388
5154241775,41757517436,2000004443415068
5154027916,41756977599,2000004442167038
5154262163,41752531048,2000004431867804
5163347951,41889225068,2000004752111994
5163245948,41887657995,2000004748469170
5163201034,41887045795,2000004747040752
5163176398,41873737682,2000004715907144
5163152603,41886632340,2000004746094100
5154108788,41752049566,2000004430766492
5163029410,41865038063,2000004695405124
5162999836,41884545218,2000004741200450
5162884312,41875159624,2000004719379464
5153464854,41754186752,2000004435714328
5153727873,41746813038,2000004418632746
5153849544,41758805631,2000004446431144
5153695536,41753681402,2000004434557062
5153989242,41752049566,2000004430766492
5153871928,41755621008,2000004439024544
5153366946,41748629100,2000004422839612
5162720830,41880262535,2000004731191728
5162712034,41880678879,2000004732156870
5162681018,41880402658,2000004731516702
5162672900,41880242254,2000004731143882
5162672303,41864556144,2000004694285968
5162672150,41867311270,2000004700683056
5162585320,41878241919,2000004726450798
5162579303,41867896368,2000004702093712
5162458633,41876897669,2000004723348500
5162397141,41860683414,2000004685212718
5162365591,41876186815,2000004721701866
5162358234,41876035238,2000004721346762
5162308764,41875130509,2000004719314306
5162020768,41870897051,2000004709143640
5152718673,41736876511,2000004395552212
5161827531,41868370128,2000004703174312
5153058439,41738031527,2000004398207642
5161615732,41865695450,2000004696914172
5152309433,41731603791,2000004383346582
5161371562,41862551818,2000004689592422
5161312950,41850190285,2000004660555228
5161312273,41845287717,2000004649100120
5161288769,41859530335,2000004682549948
5152624617,41742343284,2000004408198888
5152470722,41740648302,2000004404256906
5161247769,41860486537,2000004684766300
5161159220,41859375065,2000004682192624
5161105180,41859030105,2000004681390304
5161092763,41858888595,2000004681060644
5152213095,41726604517,2000004371615448
5160973889,41857271645,2000004677249226
5160958684,41857085764,2000004676810896
5160950558,41856931591,2000004676451642
5160915199,41856474347,2000004675386592
5160906988,41856308312,2000004674997200
5160688704,41853138528,2000004667496808
5160653029,41852545431,2000004666099962
5160649741,41852502681,2000004666000902
5160637160,41852259968,2000004665451328
5160579670,41851385661,2000004663333850
5160533722,41850736645,2000004661812386
5160508665,41850279182,2000004660752596
5160446366,41849624571,2000004659178700
5160287881,41847080997,2000004653221402
5160214089,41845507439,2000004649602248
5160203490,41846578332,2000004652061860
5159982288,41843814225,2000004645649794
5159926444,41843093194,2000004644014030
5159852639,41828378165,2000004609793942
5159797075,41839885540,2000004636610492
5159655232,41837117051,2000004630173856
5151153637,41719544921,2000004355244370
5159772049,41822169250,2000004595453306
5151122542,41722451474,2000004362079760
5159746236,41840687704,2000004638449054
5159619512,41835334469,2000004626108418
5159593608,41832107432,2000004618448420
5159592389,41838537760,2000004633532940
5159580924,41816762989,2000004582771162
5159496664,41837420940,2000004630874516
5159415366,41818541062,2000004586914698
5159386124,41835985614,2000004627571558
5159326078,41835311685,2000004626055668
5159234573,41833771123,2000004622350124
5159155084,41826171183,2000004604674314
5159135605,41832181136,2000004618618508
5159106113,41831773797,2000004617666576
5158922281,41829254055,2000004611806150
5158901443,41828967445,2000004611139844
5158842920,41823990998,2000004599646196
5158837999,41812399594,2000004572201798
5158822432,41825797612,2000004603814428
5158807910,41827839616,2000004608591804
5158694014,41826340950,2000004605061798
5158657382,41825982488,2000004604238692
5158579254,41812603410,2000004572694186
5149666121,41663499573,2000004224920148
5158414712,41823021695,2000004597422922
5158409622,41822916204,2000004597185530
5158394411,41807554083,2000004560672050
5158171896,41806471412,2000004558160576
5158210515,41819769798,2000004589993542
5149762934,41702715323,2000004316212760
5149962546,41705464428,2000004322605318
5158316324,41821780935,2000004594563260
5158310985,41821710754,2000004594399644
5158286142,41820642858,2000004591968164
5158274655,41821282880,2000004593432572
5158230307,41820785095,2000004592294222
5157954970,41809657032,2000004565636108
5157935495,41809619728,2000004565544524
5157912408,41809420271,2000004565078676
5158000196,41817472056,2000004584400772
5157987851,41804658033,2000004553917280
5157827913,41812641159,2000004572787180
5157658952,41811791142,2000004570796218
5157639345,41809545727,2000004565369918
5157637895,41810913319,2000004568601000
5157604365,41811313566,2000004569564552
5157522980,41810083548,2000004566637744
5157163209,41794224049,2000004529345558
5157076331,41804465529,2000004553467734
5157032343,41803891125,2000004552132544
5156985469,41803301603,2000004550803272
5156889391,41800545980,2000004544269418
5156749814,41787955269,2000004514838170
5156726400,41799431145,2000004541582916
5156654531,41798447481,2000004539295726
5156543329,41796380205,2000004534419074
5156410684,41794640353,2000004530308788
5156319012,41792286903,2000004524882096
5156279368,41792862455,2000004526179796
5156276170,41792821331,2000004526082956
5156180291,41781098991,2000004498902590
5156165720,41791502811,2000004523084272
5156151094,41791303693,2000004522644206
5156147274,41790313769,2000004520319684
5156116189,41790826621,2000004521494224
5156062402,41790066632,2000004519737868
5156002592,41789356491,2000004518105322
5155677344,41784944089,2000004507849172
5155606098,41784000527,2000004505666750
5155495701,41782398357,2000004501926256
5155459227,41781836992,2000004500607416
5155259000,41778906210,2000004493729644
5155075766,41775976118,2000004486794178
5147354930,41667878730,2000004235104920
5155017094,41758210166,2000004445007898
5154970874,41774566587,2000004483459592
5154942160,41765462380,2000004462009222
5154912935,41773835600,2000004481763828
5154814800,41772379062,2000004478341164
5154787587,41759650072,2000004448365668
5154662683,41767838665,2000004467583598
5154611754,41769601989,2000004471789724
5154589872,41769274899,2000004471010396
5154406885,41766551902,2000004464570628
5154370264,41766088892,2000004463486124
5154244165,41756320517,2000004440652246
5154226339,41764112466,2000004458885620
5154203773,41754667316,2000004436828188
5154182700,41763330404,2000004457032202
5154134697,41762520679,2000004455098638
5154118850,41762455004,2000004454942938
5154118538,41762130719,2000004454179116
5154111711,41756158591,2000004440286716
5154074513,41761090646,2000004451733238
5154045552,41761291711,2000004452202152
5153995150,41754692164,2000004436879866
5153950999,41760136748,2000004449491536
5153920394,41759587688,2000004448221698
5153917899,41759851084,2000004448829542
5153909241,41759743342,2000004448584334
5153818112,41758182085,2000004444943764
5153721005,41744673758,2000004413605372
5153699938,41757165182,2000004442597678
5153643527,41749948871,2000004425879062
5153632678,41754770956,2000004437066490
5153556387,41755315712,2000004438325618
5153543427,41754705497,2000004436917190
5153457281,41753889675,2000004435024996
5153411770,41752180508,2000004431068286
5153366123,41752843654,2000004432590024
5153362439,41737856857,2000004397803584
5153324776,41751722679,2000004430004860
5153316085,41745750894,2000004416126190
5153271851,41751555460,2000004429624056
5153254278,41743556974,2000004410989920
5153237421,41750750939,2000004427787694
5153217938,41750885502,2000004428086814
5153134751,41740950007,2000004404954466
5153057514,41748657051,2000004422905510
5153043288,41748458712,2000004422493970
5153027035,41747790104,2000004420988676
5153026217,41735654454,2000004392686992
5153019204,41748150582,2000004421794428
5153004338,41744960847,2000004414274034
5152992072,41737871606,2000004397839316
5152963926,41747405211,2000004420047190
5152963243,41747400914,2000004420036116
5152909546,41744445063,2000004413073460
5152755609,41742965984,2000004409634284
5152710417,41743671979,2000004411255642
5152669879,41740015394,2000004402814040
5152628141,41742715750,2000004409054610
5152628030,41742727161,2000004409083244
5152623843,41742656852,2000004408922540
5152576095,41742073521,2000004407590310
5152505447,41741114453,2000004405332378
5152474373,41740776718,2000004404558024
5152472679,41740759012,2000004404511994
5152452180,41738020417,2000004398182446
5152421391,41740131754,2000004403080302
5152420746,41739981211,2000004402731654
5152406265,41733023514,2000004386581248
5152385423,41733093002,2000004386739378
5152380700,41736969929,2000004395762252
5152349150,41730247952,2000004380145064
5152321570,41738815100,2000004400019024
5152305395,41738593466,2000004399499608
5152260119,41732243259,2000004384807932
5152237615,41733818795,2000004388499046
5152214050,41725746464,2000004369651070
5152181971,41736033834,2000004393560044
5152097436,41734794269,2000004390704240
5152091853,41729844376,2000004379186612
5152007983,41734754221,2000004390610642
5151996094,41734321236,2000004389614966
5151968294,41730303236,2000004380273244
5151904223,41733397509,2000004387447356
5151807107,41732128518,2000004384545606
5151737693,41731308096,2000004382671848
5151725769,41731072388,2000004382138248
5151676911,41730184333,2000004379988958
5151624800,41729097274,2000004377456308
5151599851,41728760245,2000004376633534
5151578878,41728484136,2000004375992052
5151569203,41728426022,2000004375856054
5151555579,41728057416,2000004374996170
5151529864,41727670675,2000004374102916
5151415977,41726492447,2000004371357588
5151391245,41726189977,2000004370665106
5151358865,41725793691,2000004369757476
5151301309,41725152570,2000004368305040
5151296372,41725117087,2000004368223858
5151192974,41723310698,2000004364033232
5151127537,41722997184,2000004363315604
5151099079,41719180466,2000004354398144
5151043563,41719041652,2000004354075856
5151037000,41721374978,2000004359515886
5150973486,41720922025,2000004358461768
5150938671,41720414053,2000004357295664
5150930298,41720313473,2000004357066134
5150922831,41720207943,2000004356817894
5150902388,41717630523,2000004350823086
5150877749,41719346501,2000004354778684
5150833877,41718525087,2000004352880992
5150825293,41718871943,2000004353685572
5150732358,41717683988,2000004350945586
5150600913,41715286751,2000004345394498
5150520496,41714545460,2000004343707818
5150489902,41713301678,2000004340786662
5150487938,41713015352,2000004340109568
5150413402,41711323129,2000004336139814
5150387760,41712232928,2000004338292868
5150307798,41711004195,2000004335394792
5150275519,41705747019,2000004323243306
5150237520,41709980121,2000004332993984
5150156791,41708900827,2000004330513584
5150148294,41708797322,2000004330275416
5150134837,41707880200,2000004328165366
5150091102,41698110532,2000004305488450
5150034044,41706955330,2000004326033070
5150020441,41706903781,2000004325909936
5150018205,41706545971,2000004325087890
5149899282,41704664628,2000004320685748
5149866958,41704755048,2000004320900660
5149843208,41703871168,2000004318877848
5149705893,41702439324,2000004315594050
5149625720,41699710224,2000004309241710
5149604182,41696433491,2000004301599456
5149600188,41700669787,2000004311450704
5149554636,41700062658,2000004310049574
5149529231,41699791997,2000004309429444
5149527768,41699696867,2000004309211830
5149451477,41698519832,2000004306436304
5149368943,41697356014,2000004303744948
5148874432,41690059189,2000004286630112
5148855423,41689884240,2000004286225384
5148648655,41686780843,2000004279040402
5148620625,41686655415,2000004278750438
5148512188,41685020721,2000004274964446
5148511310,41685219515,2000004275418824
5148465397,41684473231,2000004273698626
5148419917,41684018315,2000004272655820
5148380240,41670198564,2000004240425912
5148330855,41682610098,2000004269366478
5148283386,41682023007,2000004268012490
5148028275,41678122501,2000004258871632
5148007824,41677873062,2000004258307318
5147897667,41676459854,2000004255019842
5147864778,41671272686,2000004242919762
5147856635,41675984395,2000004253927844
5147787933,41675022773,2000004251695044
5147735561,41674290009,2000004250013146
5147708743,41674106389,2000004249594340
5147685406,41669705399,2000004239300604
5147685356,41673687289,2000004248632746
5147673341,41673626629,2000004248498246
5147667535,41673575673,2000004248382500
5147646234,41673330930,2000004247843474
5147617601,41672507935,2000004245750442
5147605944,41672687822,2000004246157412
5147468400,41670815235,2000004241888462
5147392970,41669619978,2000004239103980
5147367901,41656892806,2000004209653284
5147235855,41667442106,2000004234079358
5147232671,41667613652,2000004234475390
5147231594,41667593567,2000004234428680
5147150418,41666469601,2000004231858644
5147143692,41653719314,2000004202352356
5147090117,41660139912,2000004217129240
5147010372,41664393716,2000004227028236
5146968350,41663678543,2000004225355800
5146886764,41662490819,2000004222561248
5146732171,41652581399,2000004199749260
5146865076,41652581399,2000004199749260
5146861112,41661702142,2000004220696926
5146800065,41661336784,2000004219860264
5146767469,41660217205,2000004217300282
5146766356,41660927655,2000004218915464
5146765448,41660628257,2000004218230422
5146673435,41659748986,2000004216205274
5146569912,41658430604,2000004213196412
5146565612,41658296525,2000004212894120
5146548576,41658072170,2000004212373964
5146410330,41654704957,2000004204606180
5146423960,41656505222,2000004208768330
5146405212,41656265352,2000004208215624
5146377063,41655818614,2000004207188464
5146336172,41655223786,2000004205832918
5146323252,41655198762,2000004205776830
5146260168,41653952163,2000004202886060
5146211112,41653615672,2000004202112410
5146182952,41653246450,2000004201265208
5146158485,41652914582,2000004200504334
5146153854,41652834836,2000004200321416
5146153082,41652840205,2000004200330992
5146131720,41652563204,2000004199701718
5146123217,41652425607,2000004199402398
5145667531,41630422537,2000004148115932
5146066765,41651489251,2000004197195532
5146050626,41651262492,2000004196682260
5146016751,41650667003,2000004195312356
5145973764,41649924372,2000004193612816
5145936228,41649786032,2000004193307524
5145383255,41632377602,2000004152718792
5145911514,41649502909,2000004192673376
5145911500,41649502627,2000004192674256
5145911484,41649502300,2000004192675018
5145911468,41649502437,2000004192668972
5145829227,41647573191,2000004188086210
5145791222,41647307490,2000004187459546
5145744892,41646633258,2000004185892546
5145725311,41646380929,2000004185305836
5138645366,41545373328,2000003950844930
5138595353,41544038779,2000003947717190
5145555096,41635627963,2000004160291978
5145495606,41643231364,2000004178006484
5145468024,41642918106,2000004177304694
5145448895,41642509122,2000004176366980
5145431184,41642472662,2000004176286356
5145405123,41629785375,2000004146609946
5145393327,41642007955,2000004175215776
5145346892,41638274787,2000004166421856
5145346795,41631966431,2000004151760068
5145343581,41634207384,2000004157032770
5145339412,41641330568,2000004173685048
5145233066,41639697923,2000004169813268
5145125303,41638040232,2000004165887318
5145058450,41637069618,2000004163642956
5137493577,41520632690,2000003893296330
5144825610,41632103247,2000004152076360
5144733164,41632295945,2000004152528124
5144722823,41631788548,2000004151345658
5144536082,41621388018,2000004127066188
5144531207,41629056318,2000004144917166
5144498870,41628754426,2000004144215510
5144402159,41627481192,2000004141227518
5144183192,41614948841,2000004112031106
5144170497,41624215561,2000004133631374
5144090195,41623008239,2000004130852058
5144005035,41621731693,2000004127860538
5143902858,41618395457,2000004120152538
5143861996,41619793473,2000004123342352
5143839832,41618840574,2000004121157564
5143770954,41618582348,2000004120564992
5143736617,41618003455,2000004119250280
5143645650,41616569223,2000004115838066
5143641138,41616502048,2000004115679370
5143507544,41614454171,2000004110858850
5136526779,41515764411,2000003881904408
5142911099,41592541784,2000004060212838
5143422050,41613301370,2000004108196152
5143376284,41608794340,2000004097798628
5143375281,41612920120,2000004107320342
5143179376,41610372312,2000004101466738
5143124729,41609260836,2000004098871456
5143114331,41609473579,2000004099353754
5143073415,41608362118,2000004096802942
5143060150,41608762091,2000004097724664
5142878944,41606349155,2000004092168682
5142806773,41602789270,2000004084004536
5142717302,41596140172,2000004068535446
5142771540,41595841386,2000004067851748
5142771161,41595841386,2000004067851748
5142448390,41597219610,2000004071043808
5142705625,41603749994,2000004086184766
5142703191,41590739019,2000004056019978
5142695067,41603740892,2000004086165220
5142625258,41602943847,2000004084349894
5142495829,41590546345,2000004055577920
5142582038,41602421249,2000004083151962
5142543090,41601660968,2000004081355322
5142534995,41601532663,2000004081053570
5142477101,41600577798,2000004078824340
5142475212,41600189721,2000004077919102
5142474363,41600521382,2000004078688610
5142440592,41599856745,2000004077146374
5142427532,41599820007,2000004077060104
5142411755,41596776193,2000004070017744
5142369415,41599112149,2000004075442174
5142282262,41597951246,2000004072728294
5142271209,41597815519,2000004072415274
5142228941,41597299158,2000004071226648
5142146188,41596172798,2000004068608650
5142111768,41595747298,2000004067636946
5142108765,41595689594,2000004067508030
5142061443,41595099930,2000004066140760
5142061274,41594467073,2000004064698928
5142019042,41594554901,2000004064895646
5141923174,41587040019,2000004047440978
5141955152,41586218573,2000004045602688
5142013792,41594443084,2000004064648362
5142001024,41594343226,2000004064426406
5141924715,41593016272,2000004061313286
5141901718,41592898105,2000004061035760
5141897562,41592691178,2000004060561074
5141847321,41592168438,2000004059353580
5141824194,41587424508,2000004048330630
5141782732,41584879085,2000004042414636
5141803107,41590194818,2000004054767594
5141752124,41590726703,2000004055991962
5141642980,41589166524,2000004052396652
5141624602,41589004139,2000004052034226
5141582619,41588407495,2000004050603708
5141546526,41570947468,2000004010269826
5141532869,41587585170,2000004048705192
5141508201,41587245336,2000004047915768
5141435466,41582955016,2000004037954502
5141378426,41585339114,2000004043491304
5141310291,41584209375,2000004040839416
5141292256,41583952618,2000004040244372
5141258645,41583491270,2000004039174834
5141250548,41583392774,2000004038947912
5141179486,41582414148,2000004036663914
5141178665,41582417028,2000004036672024
5141127530,41581789498,2000004035231986
5141016196,41579415539,2000004029725512
5140917119,41579053835,2000004028937390
5140899630,41578828958,2000004028421984
5140886332,41578673313,2000004028065882
5140482222,41571315647,2000004011117976
5140686389,41575900863,2000004021679350
5140671111,41575695254,2000004021211432
5140615709,41574860590,2000004019256956
5140477762,41572930504,2000004014850542
5140416550,41571165254,2000004010776484
5140401358,41571468749,2000004011467334
5140398553,41571635662,2000004011848388
5140374345,41571285452,2000004011050574
5140352827,41563599349,2000003993262928
5140248969,41566982747,2000004001050892
5140240949,41569533111,2000004007072184
5140168059,41568067237,2000004003584596
5140139448,41567548875,2000004002398604
5140037258,41565943738,2000003998652606
5139929830,41564441809,2000003995188460
5139907263,41563932754,2000003994019546
5139901999,41564001499,2000003994176638
5139855656,41562472345,2000003990647060
5139845522,41563399676,2000003992825548
5132767187,41463940740,2000003761364144
5139822362,41563004304,2000003991867020
5139819304,41562676158,2000003991109426
5139819220,41562676156,2000003991107514
5139772857,41562300472,2000003990255278
5139768076,41562173178,2000003989965366
5139757164,41562096019,2000003989784696
5139751110,41561952286,2000003989458264
5139724586,41561672593,2000003988820780
5139679810,41560311478,2000003985675902
5139515087,41558617443,2000003981798872
5139508133,41558586358,2000003981731304
5139502500,41558520425,2000003981575568
5139443480,41557548782,2000003979297498
5139428219,41557292219,2000003978703684
5139423844,41557158081,2000003978393824
5139375434,41556517894,2000003976920954
5139358566,41556344978,2000003976522126
5139328275,41554443991,2000003972089314
5139318945,41555761633,2000003975174958
5139305872,41555619789,2000003974856088
5139264600,41554932598,2000003973219920
5139217903,41554159141,2000003971434854
5139165666,41552891486,2000003968509012
5139042132,41548379135,2000003957836138
5138942357,41549597706,2000003960697892
5138926879,41549632047,2000003960776922
5138909997,41549407778,2000003960262100
5138901329,41549310615,2000003960038252
5138891681,41549195253,2000003959777532
5138891086,41549187182,2000003959762044
5138751765,41547080182,2000003954846726
5138566936,41544856223,2000003949660300
5138563805,41544788069,2000003949509152
5138395849,41542466844,2000003944092266
5138341026,41541689782,2000003942257846
5138332333,41541556321,2000003941953100
5138255238,41540557015,2000003939650876
5138235171,41540205406,2000003938839746
5138200151,41539842757,2000003938017002
5130897907,41434417229,2000003693250914
5138125226,41538658302,2000003935242088
5137920300,41535656562,2000003928221508
5137917160,41535309246,2000003927399220
5137900898,41535328941,2000003927448202
5137853387,41534605645,2000003925737136
5137788708,41533767967,2000003923770574
5137777097,41533588234,2000003923341014
5137665554,41532228891,2000003920203526
5130352966,41418344308,2000003656215342
5137526472,41530350745,2000003915839112
5137490772,41529629514,2000003914189322
5137450908,41529445224,2000003913778886
5137449183,41529416723,2000003913717770
5137446992,41529001115,2000003912701946
5137320311,41527263802,2000003908695732
5137317393,41527601853,2000003909470820
5137160999,41525473736,2000003904551934
5137160707,41525446377,2000003904488592
5137131883,41525095529,2000003903683258
5129526067,41417194033,2000003653544238
5137003091,41523173731,2000003899223630
5136980719,41522797547,2000003898358016
5136815711,41520455182,2000003892876570
5136788519,41520020644,2000003891868446
5136769693,41519669958,2000003891016428
5136752716,41519406648,2000003890397002
5136734814,41519154720,2000003889806904
5136706647,41518769373,2000003888911184
5136592220,41517283887,2000003885441336
5136381085,41514564508,2000003879154042
5136374851,41514485406,2000003878967434
5136340094,41511913929,2000003872984876
5136321332,41513877496,2000003877583278
5136291527,41513294584,2000003876185032
5136131201,41511298784,2000003871569654
5136130016,41511204872,2000003871356474
5135992364,41509329535,2000003866982098
5135946336,41508693499,2000003865518066
5135914530,41508320311,2000003864678716
5135896461,41508008026,2000003863906818
5135843882,41507153841,2000003861916570
5135732069,41505449215,2000003858008946
5135656871,41504490744,2000003855704906
5135640438,41504187355,2000003854984964
5135636298,41504095324,2000003854770354
5135632229,41504025832,2000003854606522
5135522399,41502299053,2000003850552024
5135518257,41502250756,2000003850435756
5135516876,41502031293,2000003849935276
5135477500,41501704071,2000003849154796
5135444496,41501113204,2000003847787242
5135356809,41500205966,2000003845697024
5135328778,41499859851,2000003844902836
5135216132,41498297342,2000003841274890
5135139049,41497280834,2000003838946262
5127869137,41395415171,2000003602509302
5135095315,41496610243,2000003837356444
5135045237,41495911413,2000003835747212
5134772089,41492076259,2000003826900274
5134659605,41490346649,2000003822873848
5134653980,41485886609,2000003812368498
5134607625,41489452755,2000003820799240
5134597362,41489495564,2000003820898454
5134574813,41489165249,2000003820138604
5134567497,41489062983,2000003819905776
5134513529,41488238647,2000003817934402
5134511781,41488195214,2000003817835256
5134334598,41485244606,2000003810888102
5134268332,41484336396,2000003808742954
5134254259,41484166690,2000003808349892
5134122129,41482239747,2000003803870320
5134098003,41481705072,2000003802648154
5134086270,41481917117,2000003803130240
5134002318,41480848586,2000003800684104
5133962208,41480249384,2000003799266070
5133957945,41479830247,2000003798296212
5133911296,41479572153,2000003797704500
5133871454,41479081033,2000003796571030
5133850230,41478809375,2000003795943240
5133804128,41478223390,2000003794610180
5133600131,41475266858,2000003787706984
5133563065,41474754766,2000003786533248
5133528764,41474292394,2000003785466620
5133362335,41471766096,2000003779416768
5133209909,41469745589,2000003774683574
5133014522,41467398071,2000003769300204
5132929173,41462795644,2000003758716154
5132881076,41465676976,2000003765377418
5132839377,41465190455,2000003764222418
5132811694,41464850275,2000003763447718
5132725753,41463404046,2000003760151672
5125075151,41353135157,2000003514246022
5132557285,41461511681,2000003755780586
5132544866,41460841135,2000003754265220
5132527433,41460969899,2000003754552132
5132475732,41459569605,2000003751251552
5132442926,41459913557,2000003752057332
5132357128,41458769573,2000003749430724
5132351135,41458798152,2000003749502282
5132232195,41457000835,2000003745360904
5132226722,41456930581,2000003745204234
5132224121,41456896059,2000003745127044
5132031121,41454114510,2000003738687832
5131901504,41452386601,2000003734745286
5131865759,41451906940,2000003733640200
5131813085,41451220963,2000003732036308
5131730030,41450013625,2000003729175880
5131600371,41448461146,2000003725613750
5131545826,41447664238,2000003723736486
5131497012,41447029908,2000003722286714
5131485665,41446883346,2000003721947718
5131332892,41444781654,2000003717070792
5131290926,41444201485,2000003715745228
5131214597,41443229498,2000003713524678
5131134661,41441963750,2000003710568790
5131123828,41441747699,2000003710066548
5131108026,41441484045,2000003709456062
5131107547,41441469019,2000003709416472
5131100331,41441344363,2000003709131140
5131086902,41441094988,2000003708558622
5131061479,41440695193,2000003707610524
5130883467,41437739148,2000003700821082
5130866848,41438196030,2000003701862150
5130787563,41437248528,2000003699702996
5130672649,41435809050,2000003696401854
5130629201,41434752334,2000003693998250
5130589067,41434757774,2000003694009410
5130439191,41432555771,2000003688969690
5130384449,41432012184,2000003687730894
5130291637,41430637747,2000003684574306
5130227429,41429776520,2000003682617100
5130222611,41429569845,2000003682142782
5130222210,41429676115,2000003682385392
5130115980,41427723252,2000003677898194
5130054426,41427259265,2000003676846408
5129962757,41426048382,2000003674072654
5129958290,41425985772,2000003673930654
5129957144,41425976131,2000003673906828
5129876681,41424558599,2000003670571616
5129873624,41424394479,2000003670188112
5129841970,41423947106,2000003669147700
5129831116,41423763496,2000003668732038
5129803672,41423293329,2000003667613066
5129712927,41422004872,2000003664642844
5129703762,41421915329,2000003664443930
5129671357,41421455602,2000003663357456
5129666073,41421378382,2000003663183114
5129533270,41419796809,2000003659573086
5129531421,41419759433,2000003659489074
5129527672,41419711040,2000003659375982
5129439864,41418487150,2000003656540672
5129408220,41418092962,2000003655636474
5129386625,41417894529,2000003655148310
5129374585,41417657521,2000003654601932
5129336878,41412026763,2000003641517022
5129326912,41417140287,2000003653424490
5129274766,41416308780,2000003651464372
5129264656,41416133327,2000003651061246
5129262045,41416105136,2000003650997400
5129258281,41416047678,2000003650863768
5129131378,41414278098,2000003646799334
5128926538,41410763344,2000003638593498
5128809180,41408998221,2000003634403154
5128806868,41408944386,2000003634277484
5128797324,41408897994,2000003634162822
5128772849,41408515056,2000003633279090
5128767068,41408466863,2000003633163658
5128688307,41407277446,2000003630350378
5128688261,41407276052,2000003630344754
5128648158,41406488321,2000003628467152
5128557784,41404936462,2000003624783606
5128275012,41401269968,2000003616179982
5128203605,41400380271,2000003614120716
5128080264,41398628845,2000003610013838
5128075318,41398490311,2000003609690618
5128067661,41398476367,2000003609658740
5128018079,41397768427,2000003608020246
5127816406,41395025482,2000003601608766
5127732990,41393722455,2000003598526884
5127660446,41392766857,2000003596301910
5127645604,41392623956,2000003595973854
5127637651,41392509151,2000003595711666
5127600657,41392097209,2000003594781884
5127540859,41390908946,2000003591927114
5127523695,41390656184,2000003591337432
5127502970,41390049586,2000003589908876
5127479337,41389927625,2000003589623812
5127468571,41389760855,2000003589237776
5127359952,41388309672,2000003585863696
5127223479,41386699275,2000003582222068
5127162451,41385823556,2000003580165654
5127066936,41384734591,2000003577679518
5126830850,41380986121,2000003569005336
5126662128,41378975930,2000003564409084
5126624265,41378203333,2000003562591136
5126588329,41377729402,2000003561498278
5126560551,41377394383,2000003560731686
5126547576,41376978592,2000003559780280
5126546925,41377214122,2000003560314586
5126513536,41376769095,2000003559300480
5126439482,41375601402,2000003556563140
5126435219,41375532141,2000003556400202
5126404433,41374881773,2000003554878794
5126395656,41374765243,2000003554611050
5126332579,41373738370,2000003552203810
5126330565,41373705964,2000003552123616
5126270065,41372364721,2000003549002512
5126144394,41371220034,2000003546370430
5126113390,41370796976,2000003545415056
5126104762,41370804943,2000003545429850
5125998653,41369343400,2000003542052258
5125974530,41368985896,2000003541230412
5125898952,41367899297,2000003538714926
5125800497,41366656917,2000003535875166
5125737553,41365826354,2000003533983586
5125727174,41365625118,2000003533522056
5125718886,41365533464,2000003533295022
5125714606,41365427395,2000003533040846
5125697240,41365098208,2000003532275866
5125670820,41364794863,2000003531598654
5125646667,41364492871,2000003530924124
5125595393,41363706708,2000003529133390
5125570189,41363394182,2000003528420610
5125550825,41363182800,2000003527946950
5125546250,41363098601,2000003527766326
5125442843,41361510438,2000003524086288
5125433406,41361203098,2000003523378954
5125171541,41357220953,2000003518655350
5125160465,41357087038,2000003518508664
5125117204,41356419244,2000003517795024
5125090874,41355942326,2000003517283036
5118467138,41261595566,2000003508497412
